"Name","State","Notes","User","Tags","Created","Runtime","Sweep","batch_size","epochs","hidden_size","learning_rate","avg_accuracy","avg_f1_macro","avg_f1_weighted","avg_loss","avg_precision_macro","avg_precision_weighted","avg_recall_macro","avg_recall_weighted","avg_roc_auc_ovo","avg_roc_auc_ovr"
"AVG_bs(256)_lr(0.001)_hs(98)_e(100)","finished","-","","","2025-05-29T00:54:57.000Z","2","","256","100","98","0.001","0.5694136451777967","0.4131798457813262","0.5831225814743536","1.8023806814489696","0.3948980947808873","0.6819711859142904","0.5770690195116824","0.5694136451777967","0.8133200293525118","0.7880405912972716"
"AVG_bs(256)_lr(0.001)_hs(98)_e(80)","finished","-","","","2025-05-28T09:49:30.000Z","3","","256","80","98","0.001","0.5560569399125862","0.4067727363210536","0.5775525404566736","1.8132993176065644","0.3853218280640304","0.6753258051139236","0.5649617082780091","0.5560569399125862","0.8067819200121944","0.7849843565000898"
"AVG_bs(512)_lr(0.01)_hs(98)_e(100)","finished","-","","","2025-05-29T01:57:20.000Z","3","","512","100","98","0.01","0.5569147255472977","0.3888079348442798","0.5741997027084077","1.802699010947655","0.3728356157549203","0.6745335801409451","0.5730832422379744","0.5569147255472977","0.8092862899829546","0.7811347073738273"
"AVG_bs(64)_lr(0.001)_hs(98)_e(80)","finished","-","","","2025-05-28T03:12:16.000Z","2","","64","80","98","0.001","0.5569689465916378","0.3987197960797147","0.5710195986064782","1.8248970906630808","0.3775434451753525","0.669836009167796","0.5660456155902743","0.5569689465916378","0.8127888926678759","0.7827575309838256"
"AVG_bs(256)_lr(0.001)_hs(98)_e(50)","finished","-","","","2025-05-28T09:43:22.000Z","3","","256","50","98","0.001","0.5620825407848736","0.3973079940242359","0.5698308505242377","1.82805805658472","0.3870288179867633","0.6696881475721991","0.550390811987397","0.5620825407848736","0.800316443155802","0.7774218543209052"
"AVG_bs(256)_lr(0.001)_hs(49)_e(50)","finished","-","","","2025-05-28T09:30:41.000Z","3","","256","50","49","0.001","0.5615523883010782","0.3893548463412296","0.5698160035051666","1.82561962686736","0.3691349101951568","0.6564637024994145","0.5548088333215222","0.5615523883010782","0.8006107423981526","0.780406262079958"
"AVG_bs(128)_lr(0.001)_hs(98)_e(80)","finished","-","","","2025-05-28T07:00:37.000Z","3","","128","80","98","0.001","0.5493933013021042","0.3980807738080262","0.5669125716227834","1.8197536300576256","0.3834867333221904","0.6773947356040019","0.5621184507785998","0.5493933013021042","0.8111468820599906","0.7803562015758168"
"AVG_bs(128)_lr(0.001)_hs(98)_e(100)","finished","-","","","2025-05-28T23:10:56.000Z","2","","128","100","98","0.001","0.5510790218142143","0.4041937878977032","0.5657792633245311","1.8107584694157477","0.3827332716311777","0.6719545883972848","0.572174692147366","0.5510790218142143","0.8169922432485496","0.7889583721160165"
"AVG_bs(128)_lr(0.001)_hs(49)_e(100)","finished","-","","","2025-05-28T23:00:54.000Z","2","","128","100","49","0.001","0.5526706771067852","0.3938800702078538","0.5655814612199872","1.820824507423069","0.376647336886998","0.6705057892174802","0.5620950682303671","0.5526706771067852","0.8114280217954992","0.7793259121453054"
"AVG_bs(128)_lr(0.001)_hs(49)_e(80)","finished","-","","","2025-05-28T06:45:04.000Z","3","","128","80","49","0.001","0.5528748909918273","0.38832754467187675","0.565402528392043","1.831536113490229","0.37508734154372986","0.6642729130191232","0.5486260218242206","0.5528748909918273","0.8037235913839197","0.7768401953885024"
"AVG_bs(64)_lr(0.001)_hs(49)_e(50)","finished","-","","","2025-05-28T02:37:34.000Z","3","","64","50","49","0.001","0.5521537304751887","0.38257671912515606","0.5618128611201796","1.8382545766623124","0.3667403785520946","0.6589861146484216","0.5507329850602682","0.5521537304751887","0.803414408596284","0.7731860538162134"
"AVG_bs(64)_lr(0.001)_hs(98)_e(100)","finished","-","","","2025-05-28T20:40:19.000Z","2","","64","100","98","0.001","0.5426460311775398","0.39605963113890047","0.5606676510645507","1.823119020358376","0.3741704693404069","0.6704427419597979","0.5633090931283976","0.5426460311775398","0.818843086447612","0.7874954676718671"
"AVG_bs(128)_lr(0.001)_hs(98)_e(50)","finished","-","","","2025-05-28T06:53:03.000Z","2","","128","50","98","0.001","0.545720785902214","0.3891710829397713","0.5588654634013961","1.827902636528015","0.3770398930410413","0.6708110704778629","0.5540241778220297","0.545720785902214","0.8032882617147198","0.7767967936026177"
"AVG_bs(32)_lr(0.001)_hs(98)_e(30)","finished","-","","","2025-05-27T20:31:38.000Z","3","","32","30","98","0.001","0.547746419518577","0.3745804584812623","0.5587616892795838","1.8542635746105856","0.35967280259265755","0.6532191412700653","0.5392952755575583","0.547746419518577","0.7991271026947613","0.7686615453717076"
"AVG_bs(256)_lr(0.001)_hs(49)_e(80)","finished","-","","","2025-05-28T09:36:37.000Z","3","","256","80","49","0.001","0.5353293452775828","0.39021958243244353","0.5587016890441536","1.8160253812526832","0.37817653290799375","0.6756576449629532","0.5650141555128595","0.5353293452775828","0.8093918847172127","0.7823392621305895"
"AVG_bs(256)_lr(0.001)_hs(49)_e(100)","finished","-","","","2025-05-29T00:47:19.000Z","2","","256","100","49","0.001","0.5333439618999556","0.39253083357739943","0.5585725017926093","1.8178847473243187","0.37382349212740895","0.6722536577436851","0.559732433878031","0.5333439618999556","0.8079460511636286","0.7788968948241427"
"AVG_bs(512)_lr(0.001)_hs(49)_e(80)","finished","-","","","2025-05-28T11:58:49.000Z","2","","512","80","49","0.001","0.5429050035167506","0.3876083917325991","0.5583216093805995","1.8170884222819883","0.367676653685966","0.6588424357969328","0.5607253658580797","0.5429050035167506","0.8098569205099728","0.7811814984326179"
"AVG_bs(32)_lr(0.001)_hs(98)_e(80)","finished","-","","","2025-05-27T21:04:07.000Z","3","","32","80","98","0.001","0.5404703020483732","0.38592483592998394","0.5572533474731132","1.8413053874865823","0.36390410919617056","0.6591743368113642","0.5536591289017697","0.5404703020483732","0.8138103564126169","0.7835789330426323"
"AVG_bs(64)_lr(0.001)_hs(49)_e(100)","finished","-","","","2025-05-28T20:24:10.000Z","2","","64","100","49","0.001","0.5368930312097289","0.39202089928047584","0.5567369010777911","1.8283895151511484","0.3724465367111895","0.669559088994867","0.5613532059317149","0.5368930312097289","0.8110613083888631","0.780221403196917"
"AVG_bs(32)_lr(0.0001)_hs(98)_e(100)","finished","-","","","2025-05-28T17:49:51.000Z","2","","32","100","98","0.0001","0.5470397764671102","0.3742901296850344","0.5566311239910544","1.8483916388387265","0.3577262130591296","0.6506248668722435","0.5464785593859759","0.5470397764671102","0.8113796769255346","0.7821292035765196"
"AVG_bs(128)_lr(0.0001)_hs(98)_e(100)","finished","-","","","2025-05-28T23:40:43.000Z","3","","128","100","98","0.0001","0.5506844788271626","0.37353500599211886","0.5564328699935268","1.8344654985096145","0.35862979249185206","0.6488472788415247","0.5497246738017851","0.5506844788271626","0.8113325908893039","0.7781196541285722"
"AVG_bs(512)_lr(0.001)_hs(98)_e(80)","finished","-","","","2025-05-28T12:09:42.000Z","3","","512","80","98","0.001","0.5356682214861074","0.3942180074541737","0.5561834680928142","1.8152412472100097","0.3793900888087851","0.6741248940383967","0.5608701773788352","0.5356682214861074","0.8078585430234518","0.779927292867021"
"AVG_bs(64)_lr(0.001)_hs(49)_e(80)","finished","-","","","2025-05-28T02:48:41.000Z","3","","64","80","49","0.001","0.5388386712343112","0.3840027847547393","0.5561784162072861","1.8295445765619691","0.3655096084634937","0.663869239899994","0.5606534654353558","0.5388386712343112","0.8142721596563101","0.7841226824868104"
"AVG_bs(64)_lr(0.0001)_hs(98)_e(100)","finished","-","","","2025-05-28T21:26:14.000Z","2","","64","100","98","0.0001","0.5498408647173891","0.3781731268345185","0.5557812812010237","1.8423372206480608","0.36394502616574326","0.6501849202591549","0.5464273870238274","0.5498408647173891","0.8100674967621035","0.778856746081422"
"AVG_bs(64)_lr(0.001)_hs(25)_e(100)","finished","-","","","2025-05-28T20:08:47.000Z","4","","64","100","25","0.001","0.5414901505080512","0.3761312308023376","0.5546364155264987","1.836091628385627","0.35746099203237597","0.6528045823326976","0.550876310857034","0.5414901505080512","0.8130805242947874","0.7811242507913476"
"AVG_bs(128)_lr(0.01)_hs(98)_e(50)","finished","-","","","2025-05-28T06:07:30.000Z","4","","128","50","98","0.01","0.5327860897986849","0.380444303603952","0.5531936310043921","1.8296466064453123","0.3694151432718854","0.6655467917952687","0.5557649392081959","0.5327860897986849","0.8034713253349034","0.7737682552029413"
"AVG_bs(512)_lr(0.001)_hs(25)_e(100)","finished","-","","","2025-05-29T02:03:12.000Z","2","","512","100","25","0.001","0.5458025998426064","0.37471572132747294","0.5521536932362523","1.8378615963047948","0.3719036639916601","0.6565112565870873","0.5408947466450315","0.5458025998426064","0.7957057024781076","0.7742984632193813"
"AVG_bs(64)_lr(0.001)_hs(98)_e(50)","finished","-","","","2025-05-28T03:00:37.000Z","2","","64","50","98","0.001","0.5352478365785733","0.38143933607955294","0.5513720236141859","1.8313646108171215","0.3623728819668104","0.6612896911680611","0.5545696635657952","0.5352478365785733","0.8102113447023489","0.773099134710457"
"AVG_bs(128)_lr(0.001)_hs(25)_e(80)","finished","-","","","2025-05-28T06:29:52.000Z","3","","128","80","25","0.001","0.5431230624109482","0.3762934177892487","0.551328953288065","1.8347537405594536","0.3678181316262051","0.6594665199727936","0.5511853723684366","0.5431230624109482","0.8056153386238345","0.7754490802803229"
"AVG_bs(512)_lr(0.01)_hs(49)_e(30)","finished","-","","","2025-05-28T11:18:08.000Z","2","","512","30","49","0.01","0.5421028541364278","0.37859214234154537","0.5511031595107773","1.8262643189265808","0.36961801301083475","0.6578082220038287","0.5492255732265282","0.5421028541364278","0.7953107409470522","0.768020360429288"
"AVG_bs(64)_lr(0.01)_hs(98)_e(100)","finished","-","","","2025-05-28T19:54:03.000Z","2","","64","100","98","0.01","0.5368380452119836","0.3698405995203566","0.5508086162944377","1.8590968776785808","0.3592146252773555","0.6519445921887972","0.5246100036294156","0.5368380452119836","0.7811008913820955","0.7582416390898843"
"AVG_bs(512)_lr(0.001)_hs(98)_e(100)","finished","-","","","2025-05-29T02:15:29.000Z","2","","512","100","98","0.001","0.5364713920376027","0.3937009156958072","0.5504716880813517","1.819624821070967","0.38880735309987","0.6789468450342001","0.5561396784901861","0.5364713920376027","0.8053726465138997","0.7793300083920176"
"AVG_bs(256)_lr(0.001)_hs(25)_e(80)","finished","-","","","2025-05-28T09:24:10.000Z","3","","256","80","25","0.001","0.5371114378941083","0.3794112205013413","0.5500528529854912","1.8264051856665775","0.3645469231864426","0.6542970828100898","0.553602751741191","0.5371114378941083","0.8014530447206146","0.7804763278479244"
"AVG_bs(32)_lr(0.001)_hs(49)_e(100)","finished","-","","","2025-05-28T16:06:30.000Z","2","","32","100","49","0.001","0.5326635992065945","0.37430476930042617","0.5496106797890226","1.850656421754671","0.3563346335055959","0.6522191171591676","0.5401415384637462","0.5326635992065945","0.8077079911006793","0.7786312411920002"
"AVG_bs(256)_lr(0.0001)_hs(98)_e(100)","finished","-","","","2025-05-29T01:16:56.000Z","2","","256","100","98","0.0001","0.5429594086308944","0.3624427523813977","0.5495576210354882","1.8363908973233456","0.34554865278371844","0.6395610963951354","0.5458378901001634","0.5429594086308944","0.8104058741467807","0.777986723489711"
"AVG_bs(128)_lr(0.0001)_hs(49)_e(100)","finished","-","","","2025-05-28T23:30:12.000Z","2","","128","100","49","0.0001","0.5461009279708035","0.3605979924013319","0.5495209180374567","1.841190275731294","0.35430641957158737","0.6438055047922244","0.5472947466813469","0.5461009279708035","0.810988219969547","0.7799999331274394"
"AVG_bs(64)_lr(0.0001)_hs(49)_e(100)","finished","-","","","2025-05-28T21:10:20.000Z","2","","64","100","49","0.0001","0.53968144916769","0.3648808855086893","0.5485920693504347","1.8471990584290543","0.3466474607602524","0.6413022684266039","0.5413167388509785","0.53968144916769","0.8095425475039374","0.778148581856804"
"AVG_bs(64)_lr(0.0001)_hs(98)_e(50)","finished","-","","","2025-05-28T04:08:59.000Z","2","","64","50","98","0.0001","0.5436257662946175","0.35769855721199373","0.5474534163552813","1.8545790041011312","0.35181628620509475","0.6424123173774114","0.5378264330141439","0.5436257662946175","0.8018619095255005","0.7694124704650133"
"AVG_bs(128)_lr(0.001)_hs(25)_e(50)","finished","-","","","2025-05-28T06:22:44.000Z","2","","128","50","25","0.001","0.5368397739881803","0.3685039647282033","0.5470481528086735","1.8511748890254809","0.3687535085148235","0.656737945986017","0.5353746998970361","0.5368397739881803","0.7980930856898959","0.7713344431753588"
"AVG_bs(128)_lr(0.01)_hs(98)_e(80)","finished","-","","","2025-05-28T06:15:09.000Z","3","","128","80","98","0.01","0.5316565144615968","0.36936084160955274","0.5470184976827099","1.8317645247086232","0.3641154530807823","0.6636410416525653","0.5535107968168663","0.5316565144615968","0.800566977177156","0.7750701971067342"
"AVG_bs(256)_lr(0.001)_hs(49)_e(30)","finished","-","","","2025-05-28T09:26:44.000Z","3","","256","30","49","0.001","0.5439249037749664","0.36396266664301025","0.5468725851086342","1.8416300469431384","0.35840108576795593","0.6505290746634718","0.540898317983911","0.5439249037749664","0.7931792668827213","0.7681880333462434"
"AVG_bs(128)_lr(0.0001)_hs(98)_e(80)","finished","-","","","2025-05-28T07:46:18.000Z","2","","128","80","98","0.0001","0.5357238466408093","0.3655238116983779","0.5467739584011795","1.840754050586535","0.35320503665833003","0.6458583415594743","0.5418222406109815","0.5357238466408093","0.8060995891615192","0.7731073749738552"
"AVG_bs(64)_lr(0.0001)_hs(98)_e(80)","finished","-","","","2025-05-28T04:20:42.000Z","3","","64","80","98","0.0001","0.5363761918751033","0.36973258649014146","0.5466165124628634","1.8436966536356056","0.3536243725092412","0.6465061347570378","0.5442076500545148","0.5363761918751033","0.810308370393469","0.7760778303639161"
"AVG_bs(512)_lr(0.001)_hs(98)_e(30)","finished","-","","","2025-05-28T12:01:12.000Z","3","","512","30","98","0.001","0.5519223020084143","0.36218784372738744","0.5465735174889844","1.8391370230707629","0.362002231088631","0.6440183415223879","0.5371988532737355","0.5519223020084143","0.7970359636274924","0.7773699338196254"
"AVG_bs(32)_lr(0.0001)_hs(98)_e(80)","finished","-","","","2025-05-27T22:59:27.000Z","2","","32","80","98","0.0001","0.5342952744194032","0.36633349546784","0.5462240232402429","1.8517917806169264","0.34996616426343424","0.6435865785637482","0.5419806529088069","0.5342952744194032","0.8116767018187829","0.7814163928661831"
"AVG_bs(32)_lr(0.001)_hs(25)_e(50)","finished","-","","","2025-05-27T19:26:35.000Z","2","","32","50","25","0.001","0.5380081751042167","0.36582681559969327","0.5460443730677778","1.859279639513596","0.3521205140668834","0.6464515390712966","0.5368625215690735","0.5380081751042167","0.7990682591182455","0.7706594003485283"
"AVG_bs(32)_lr(0.001)_hs(49)_e(50)","finished","-","","","2025-05-27T20:04:57.000Z","2","","32","50","49","0.001","0.530446264751946","0.3696338678053735","0.5457510759553128","1.8560472987527432","0.352814394256257","0.642407346219","0.5367520090401905","0.530446264751946","0.8025197970369854","0.7798795712357707"
"AVG_bs(512)_lr(0.01)_hs(49)_e(50)","finished","-","","","2025-05-28T11:21:35.000Z","2","","512","50","49","0.01","0.523292528726914","0.3707423506524621","0.5455771797128756","1.8258570070924431","0.35982187304315905","0.653764893621991","0.5486126307009075","0.523292528726914","0.7991446627333774","0.7729785384984963"
"AVG_bs(64)_lr(0.001)_hs(25)_e(80)","finished","-","","","2025-05-28T02:25:54.000Z","2","","64","80","25","0.001","0.5299839045293752","0.3730148069695476","0.5449933407372669","1.839983920843705","0.35576770067320734","0.6482480904063647","0.5461112663923592","0.5299839045293752","0.8103599887605327","0.7809328588621902"
"AVG_bs(512)_lr(0.01)_hs(49)_e(100)","finished","-","","","2025-05-29T01:51:02.000Z","3","","512","100","49","0.01","0.5460734645710952","0.3842405191991301","0.5449453131103829","1.833728756575749","0.38996975691908187","0.6576074049050523","0.5405258427904243","0.5460734645710952","0.7915311679826802","0.7760182298911649"
"AVG_bs(32)_lr(0.0001)_hs(98)_e(50)","finished","-","","","2025-05-27T22:40:12.000Z","3","","32","50","98","0.0001","0.5359551927849078","0.3579356065603584","0.5448787745835659","1.8618180237127384","0.3481776148399366","0.6397585662049767","0.5366758814678704","0.5359551927849078","0.8020786945048902","0.7729961935729229"
"AVG_bs(512)_lr(0.001)_hs(49)_e(30)","finished","-","","","2025-05-28T11:50:07.000Z","2","","512","30","49","0.001","0.5390821447110549","0.35657629087392256","0.5448369761519153","1.8404728807252029","0.3720007820617838","0.6550307977988491","0.5438205003155738","0.5390821447110549","0.7970963619992913","0.7718433348934793"
"AVG_bs(256)_lr(0.01)_hs(98)_e(100)","finished","-","","","2025-05-29T00:32:41.000Z","2","","256","100","98","0.01","0.5146014370764312","0.37519821847986445","0.5442330894357639","1.828706116100837","0.364394012784122","0.6606449853401308","0.5502287463982214","0.5146014370764312","0.8019997102052425","0.7760512224465101"
"AVG_bs(32)_lr(0.0001)_hs(49)_e(100)","finished","-","","","2025-05-28T17:23:33.000Z","2","","32","100","49","0.0001","0.5315746366980061","0.3637267701506544","0.5437334970760879","1.8568795533283895","0.3506859827490867","0.6424511488356308","0.539229555937984","0.5315746366980061","0.8078172327348909","0.7798287254297736"
"AVG_bs(128)_lr(0.01)_hs(98)_e(30)","finished","-","","","2025-05-28T06:02:38.000Z","2","","128","30","98","0.01","0.5259453168387057","0.36446088839655977","0.5432354405307607","1.847844917048579","0.36141327381955823","0.65828106001056","0.5333380872642065","0.5259453168387057","0.787970578819697","0.7657340643348601"
"AVG_bs(32)_lr(0.0001)_hs(49)_e(80)","finished","-","","","2025-05-27T22:20:17.000Z","3","","32","80","49","0.0001","0.5358596947808163","0.3587205936267795","0.5429522036762658","1.8600865193553595","0.3478250937036731","0.6394547541703565","0.536375996324677","0.5358596947808163","0.8053759397281451","0.775278657959582"
"AVG_bs(64)_lr(0.001)_hs(98)_e(30)","finished","-","","","2025-05-28T02:53:16.000Z","3","","64","30","98","0.001","0.5248004970069695","0.36578389013415913","0.5425004113631602","1.8487284782658453","0.3559129839641442","0.6533307510582842","0.5387342991356483","0.5248004970069695","0.8018024726704696","0.771555362106508"
"AVG_bs(512)_lr(0.01)_hs(98)_e(80)","finished","-","","","2025-05-28T11:37:18.000Z","2","","512","80","98","0.01","0.5148583217495769","0.3826415582991854","0.5424119314501652","1.8215144889108064","0.38321134714099847","0.6836682901546851","0.551618610671856","0.5148583217495769","0.7989718712020871","0.7713632509390671"
"AVG_bs(256)_lr(0.01)_hs(49)_e(50)","finished","-","","","2025-05-28T08:52:31.000Z","3","","256","50","49","0.01","0.5296164558774505","0.3703355948822578","0.5422769452438067","1.8370428648488275","0.36693222851169216","0.6585483970437063","0.5401416970994866","0.5296164558774505","0.7958698996980222","0.7695322734138585"
"AVG_bs(64)_lr(0.0001)_hs(49)_e(80)","finished","-","","","2025-05-28T03:57:11.000Z","3","","64","80","49","0.0001","0.5348800919350047","0.3589159256879447","0.5419824506613543","1.8503454361791196","0.3523639116511139","0.6421135081941958","0.5385620744292402","0.5348800919350047","0.8053731992626323","0.7744169524565734"
"AVG_bs(32)_lr(0.001)_hs(49)_e(80)","finished","-","","","2025-05-27T20:23:53.000Z","2","","32","80","49","0.001","0.5251281902811884","0.36853890620067425","0.5417328363730564","1.8537984299141428","0.3531053683334077","0.6458085325400094","0.5380363822028833","0.5251281902811884","0.8051220662362395","0.7723119794362434"
"AVG_bs(128)_lr(0.01)_hs(98)_e(100)","finished","-","","","2025-05-28T22:41:44.000Z","3","","128","100","98","0.01","0.518653391564756","0.37080422233505594","0.5410849849996336","1.8403455643031907","0.3710972674951932","0.6730373810959008","0.5406014901428913","0.518653391564756","0.792628109339004","0.7623569827233331"
"AVG_bs(256)_lr(0.001)_hs(98)_e(30)","finished","-","","","2025-05-28T09:39:19.000Z","3","","256","30","98","0.001","0.5249382450433424","0.36407242191341055","0.5402473041038822","1.83672259840472","0.3530427593120762","0.6498193988896859","0.5404618304679703","0.5249382450433424","0.800348916135287","0.7681362557642422"
"AVG_bs(256)_lr(0.01)_hs(98)_e(80)","finished","-","","","2025-05-28T09:11:53.000Z","2","","256","80","98","0.01","0.5266659575200192","0.36464785826930407","0.5385999387257596","1.8418319476061853","0.36401165504211586","0.6561550545810054","0.5337555506700502","0.5266659575200192","0.7924678837759374","0.7697941750422318"
"AVG_bs(256)_lr(0.01)_hs(49)_e(80)","finished","-","","","2025-05-28T08:58:45.000Z","3","","256","80","49","0.01","0.5200816289456148","0.37496577607350257","0.5385196766574537","1.8242732064477327","0.3642981759310625","0.6598866970493316","0.5548037563046216","0.5200816289456148","0.8020196172524351","0.7779302212761199"
"AVG_bs(64)_lr(0.0001)_hs(25)_e(80)","finished","-","","","2025-05-28T03:34:34.000Z","2","","64","80","25","0.0001","0.5335337202930761","0.34616837314373716","0.5383124580776134","1.8624029928704968","0.343918862790265","0.6338073058051871","0.5282127131348424","0.5335337202930761","0.8001670052279284","0.772997055442221"
"AVG_bs(128)_lr(0.0001)_hs(49)_e(80)","finished","-","","","2025-05-28T07:30:34.000Z","3","","128","80","49","0.0001","0.5354108086528717","0.3436060413805898","0.5382842106798079","1.8517369291056756","0.3508317857353469","0.6383552946289","0.5358207542591729","0.5354108086528717","0.8020384705330901","0.7722502634586227"
"AVG_bs(512)_lr(0.01)_hs(98)_e(50)","finished","-","","","2025-05-28T11:32:11.000Z","3","","512","50","98","0.01","0.5259161163380359","0.3684873592423953","0.5376641063034477","1.8517543628298003","0.3649108994365261","0.65313889285074","0.5211630106666947","0.5259161163380359","0.7780134750258927","0.7711646921081388"
"AVG_bs(32)_lr(0.001)_hs(25)_e(80)","finished","-","","","2025-05-27T19:45:04.000Z","3","","32","80","25","0.001","0.5232249011110417","0.3611084641780721","0.5375002375555289","1.8609916904698245","0.34805509603856616","0.6438930177952714","0.5364380769913326","0.5232249011110417","0.8029801773243325","0.7743286290133163"
"AVG_bs(512)_lr(0.001)_hs(49)_e(50)","finished","-","","","2025-05-28T11:53:35.000Z","3","","512","50","49","0.001","0.5302142119277973","0.3592411767090781","0.5370207649933831","1.8344482076579127","0.37411763236471607","0.6617868210953863","0.5426895807877354","0.5302142119277973","0.8018294490406472","0.7790663261619319"
"AVG_bs(512)_lr(0.0001)_hs(98)_e(100)","finished","-","","","2025-05-29T02:33:42.000Z","2","","512","100","98","0.0001","0.5355465069471088","0.34060679279723904","0.5364294032952104","1.8447261243030944","0.3709273124348465","0.646573443275295","0.5365346796867165","0.5355465069471088","0.7965619259666578","0.7717352712129164"
"AVG_bs(256)_lr(0.0001)_hs(98)_e(80)","finished","-","","","2025-05-28T10:27:57.000Z","3","","256","80","98","0.0001","0.5292626311659222","0.34787686717588145","0.5363407603355551","1.8432282710897512","0.35542408605215103","0.6438933592348149","0.5392735776710645","0.5292626311659222","0.8048378974814003","0.7756740317979987"
"AVG_bs(64)_lr(0.01)_hs(98)_e(30)","finished","-","","","2025-05-28T01:44:15.000Z","3","","64","30","98","0.01","0.524435029649113","0.3515969730332627","0.5361405667828457","1.8815162480395773","0.3501579841476957","0.6319291073368681","0.5011367403325121","0.524435029649113","0.7661964098023628","0.7466895814499439"
"AVG_bs(128)_lr(0.01)_hs(49)_e(50)","finished","-","","","2025-05-28T05:52:11.000Z","2","","128","50","49","0.01","0.5267056509244743","0.3636321044247429","0.5361092510558617","1.852005392572154","0.3611490049203949","0.6453695759010681","0.5291115135578558","0.5267056509244743","0.7878946599325707","0.7689591574749113"
"AVG_bs(32)_lr(0.001)_hs(49)_e(30)","finished","-","","","2025-05-27T19:52:37.000Z","3","","32","30","49","0.001","0.5224488877928974","0.3584336697592218","0.5359723192330194","1.8616689337336496","0.34486393671223825","0.6386712363951483","0.5313066866888445","0.5224488877928974","0.8008821789779423","0.7712294785882488"
"AVG_bs(512)_lr(0.001)_hs(49)_e(100)","finished","-","","","2025-05-29T02:09:17.000Z","3","","512","100","49","0.001","0.502985787036232","0.3845310791055855","0.5359285602997177","1.813183728579817","0.36818450390841473","0.6660807357286871","0.5616661401318683","0.502985787036232","0.8171451808389539","0.7835126534203147"
"AVG_bs(128)_lr(0.001)_hs(49)_e(30)","finished","-","","","2025-05-28T06:32:56.000Z","2","","128","30","49","0.001","0.5138255902535871","0.36678881289549026","0.5356305595787144","1.8438586896398792","0.3525788085077565","0.6517347504313948","0.5391530600169027","0.5138255902535871","0.8019315908860886","0.7687305326158586"
"AVG_bs(128)_lr(0.0001)_hs(98)_e(50)","finished","-","","","2025-05-28T07:38:42.000Z","3","","128","50","98","0.0001","0.529807181793258","0.3412719217675433","0.5344256169505465","1.8571069174227504","0.3543359261493693","0.6380518739101225","0.5293962573418487","0.529807181793258","0.7968996691555841","0.7689013529280634"
"AVG_bs(128)_lr(0.001)_hs(98)_e(30)","finished","-","","","2025-05-28T06:48:10.000Z","2","","128","30","98","0.001","0.5258082791822787","0.36462693538908","0.5342427157499396","1.8412774077705716","0.3553987875448216","0.6520211770793868","0.5391256880437983","0.5258082791822787","0.8012845121781058","0.7661334191834877"
"AVG_bs(256)_lr(0.01)_hs(49)_e(30)","finished","-","","","2025-05-28T08:48:02.000Z","3","","256","30","49","0.01","0.5211162279638846","0.36507444574361025","0.5340757577477606","1.8435953785633217","0.3683069720348464","0.6614269599462427","0.5309664950425668","0.5211162279638846","0.7858336423788872","0.7620913173244945"
"AVG_bs(256)_lr(0.0001)_hs(49)_e(100)","finished","-","","","2025-05-29T01:09:25.000Z","3","","256","100","49","0.0001","0.5246112547492784","0.3478204558758668","0.534014162502993","1.843278720461089","0.34712831141503797","0.6382813160340167","0.5407211506351981","0.5246112547492784","0.8105423368554593","0.7787517196734235"
"AVG_bs(64)_lr(0.01)_hs(25)_e(80)","finished","-","","","2025-05-28T01:16:59.000Z","3","","64","80","25","0.01","0.5200140771776012","0.35774195812143006","0.5338134037502427","1.859736226019652","0.3470878261447516","0.6426018759348461","0.5305879045078631","0.5200140771776012","0.7936545548568209","0.7622439870002496"
"AVG_bs(128)_lr(0.001)_hs(49)_e(50)","finished","-","","","2025-05-28T06:37:41.000Z","3","","128","50","49","0.001","0.520150283282503","0.3681405591830644","0.5337883847106302","1.838331523978192","0.35700020311416","0.6522456396990848","0.5447988881302418","0.520150283282503","0.8080929339425544","0.7782279026354177"
"AVG_bs(64)_lr(0.0001)_hs(25)_e(100)","finished","-","","","2025-05-28T20:55:05.000Z","2","","64","100","25","0.0001","0.5240807748247267","0.348030649243639","0.5336256558961596","1.8554234250732091","0.3437426006069741","0.6363548191342331","0.5347594608924027","0.5240807748247267","0.8068383690265021","0.7771562942416095"
"AVG_bs(32)_lr(0.0001)_hs(25)_e(80)","finished","-","","","2025-05-27T21:41:31.000Z","3","","32","80","25","0.0001","0.5221763581114105","0.34699475565043125","0.5332318645015405","1.8689519445792488","0.35855171390565904","0.6405293188998984","0.525426199662513","0.5221763581114105","0.7984025434251685","0.7745453676402911"
"AVG_bs(64)_lr(0.0001)_hs(49)_e(50)","finished","-","","","2025-05-28T03:46:10.000Z","3","","64","50","49","0.0001","0.524638558128504","0.342136686305086","0.533010724969999","1.862733240334884","0.3476123865384019","0.6353630833132452","0.5305813239410272","0.524638558128504","0.800809893407601","0.7721188856160293"
"AVG_bs(256)_lr(0.01)_hs(98)_e(50)","finished","-","","","2025-05-28T09:05:38.000Z","3","","256","50","98","0.01","0.5125191201352386","0.3586182979746062","0.5319360681057443","1.8449982622574117","0.3602205053340244","0.6599677223739377","0.5293531502528944","0.5125191201352386","0.7895278947149025","0.7633567663013656"
"AVG_bs(32)_lr(0.001)_hs(98)_e(100)","finished","-","","","2025-05-28T16:32:22.000Z","3","","32","100","98","0.001","0.5037606987104755","0.3729598229949996","0.5311303358472377","1.8469842325604475","0.35172096800064245","0.650885761877506","0.5478840085848743","0.5037606987104755","0.8156835234424239","0.7824286218956484"
"AVG_bs(64)_lr(0.001)_hs(25)_e(30)","finished","-","","","2025-05-28T02:08:05.000Z","3","","64","30","25","0.001","0.5209658022354029","0.3554780210045895","0.5308454212780885","1.862954559429832","0.3465054255663719","0.6354741691667003","0.525718315643575","0.5209658022354029","0.7931762214658049","0.7686537948806066"
"AVG_bs(128)_lr(0.0001)_hs(25)_e(100)","finished","-","","","2025-05-28T23:20:21.000Z","2","","128","100","25","0.0001","0.5214968981925641","0.34165148525011857","0.5300772259248445","1.8524856177620264","0.33989912911075665","0.6334293494104531","0.5336890446348161","0.5214968981925641","0.8030911963059","0.7747549170168209"
"AVG_bs(32)_lr(0.001)_hs(98)_e(50)","finished","-","","","2025-05-27T20:44:39.000Z","2","","32","50","98","0.001","0.5059229805692586","0.3623440242892193","0.5299576058764103","1.8576121124495633","0.34473522029349307","0.6459029809274204","0.5365887461504867","0.5059229805692586","0.8008175751039888","0.7666311267198654"
"AVG_bs(32)_lr(0.01)_hs(98)_e(30)","finished","-","","","2025-05-27T18:34:22.000Z","3","","32","30","98","0.01","0.5207351266973733","0.34763126242170034","0.5298727156210736","1.8815323049607489","0.3387593103229294","0.6260395578361274","0.5098571193755352","0.5207351266973733","0.7732353757874478","0.7566228128063208"
"AVG_bs(32)_lr(0.001)_hs(25)_e(30)","finished","-","","","2025-05-27T19:14:48.000Z","2","","32","30","25","0.001","0.5163833724473958","0.35278271944482187","0.5297071138326913","1.867053658703099","0.34332935865075387","0.6391932000082716","0.525921975931043","0.5163833724473958","0.7960795401846259","0.7690533827741552"
"AVG_bs(64)_lr(0.001)_hs(49)_e(30)","finished","-","","","2025-05-28T02:30:23.000Z","2","","64","30","49","0.001","0.5074873879810373","0.3585793526208284","0.5293494434252316","1.8454652135268503","0.3425837669501003","0.6456631272801064","0.5402105384711049","0.5074873879810373","0.809569541985916","0.7705312923148769"
"AVG_bs(256)_lr(0.01)_hs(25)_e(30)","finished","-","","","2025-05-28T08:35:21.000Z","3","","256","30","25","0.01","0.5084124062677711","0.3549963174091625","0.5290917754368067","1.847795227067224","0.35268034961278694","0.6505647523751696","0.5303324062053709","0.5084124062677711","0.7850149927535056","0.7635502297680145"
"AVG_bs(32)_lr(0.0001)_hs(25)_e(100)","finished","-","","","2025-05-28T16:57:08.000Z","2","","32","100","25","0.0001","0.5152402601174569","0.34350379572404244","0.5286614056062103","1.866696924437647","0.33599863181618145","0.6335059613746173","0.5257761857667166","0.5152402601174569","0.8035023201878282","0.7800101214566034"
"AVG_bs(256)_lr(0.001)_hs(25)_e(30)","finished","-","","","2025-05-28T09:14:19.000Z","2","","256","30","25","0.001","0.5169952417493253","0.33638026785063524","0.5281734912490201","1.8607149202248143","0.3333239302419526","0.6326111752853676","0.5234746174344667","0.5169952417493253","0.7880808878393022","0.7687641581656228"
"AVG_bs(32)_lr(0.0001)_hs(98)_e(30)","finished","-","","","2025-05-27T22:27:55.000Z","2","","32","30","98","0.0001","0.5207490105554321","0.33583427419496586","0.5281164385460158","1.8766480687908504","0.32932491693865135","0.6299553627822626","0.523521751713228","0.5207490105554321","0.7969320726386873","0.7676038636715523"
"AVG_bs(256)_lr(0.01)_hs(98)_e(30)","finished","-","","","2025-05-28T09:01:27.000Z","3","","256","30","98","0.01","0.5125070751252692","0.353265873571297","0.5276017185822705","1.845257980248024","0.35311459251531185","0.6441277667979406","0.5313511682806764","0.5125070751252692","0.7880035493394641","0.7654752209215603"
"AVG_bs(64)_lr(0.01)_hs(49)_e(50)","finished","-","","","2025-05-28T01:28:29.000Z","2","","64","50","49","0.01","0.5099630435932794","0.35301389662965615","0.5273808660539102","1.8696557779934095","0.35071596259585097","0.6447464932094403","0.5136161194372275","0.5099630435932794","0.7830764005767324","0.7533493441045774"
"AVG_bs(256)_lr(0.001)_hs(25)_e(50)","finished","-","","","2025-05-28T09:18:10.000Z","3","","256","50","25","0.001","0.5148728984130778","0.3562365641249532","0.5263655185760839","1.8409219338976104","0.35040712515140837","0.6438320611757449","0.5398142486519559","0.5148728984130778","0.8016431898878424","0.7728469458480846"
"AVG_bs(32)_lr(0.0001)_hs(49)_e(50)","finished","-","","","2025-05-27T22:01:14.000Z","3","","32","50","49","0.0001","0.5119081212337375","0.34343773403855626","0.5260515734388556","1.8698319162493169","0.34008533360771265","0.6336023384704881","0.5267115375489624","0.5119081212337375","0.801630070779732","0.7726540270928248"
"AVG_bs(32)_lr(0.01)_hs(49)_e(50)","finished","-","","","2025-05-27T18:06:55.000Z","2","","32","50","49","0.01","0.512764595255476","0.3381277129202231","0.525652187748989","1.8884050719116043","0.3425395656563962","0.6340494467520059","0.5028577595261589","0.512764595255476","0.7698412749348644","0.7487855098119887"
"AVG_bs(512)_lr(0.01)_hs(98)_e(30)","finished","-","","","2025-05-28T11:28:47.000Z","2","","512","30","98","0.01","0.5084798525887615","0.35448899893541186","0.5256424287487753","1.8425716934532956","0.3553799078845798","0.649026450324002","0.5293886586428576","0.5084798525887615","0.791762649044075","0.7619203884272221"
"AVG_bs(128)_lr(0.01)_hs(49)_e(100)","finished","-","","","2025-05-28T22:31:28.000Z","2","","128","100","49","0.01","0.5099084516344103","0.3616439094894655","0.5254577081172969","1.8463544940948489","0.3582552469737054","0.6539371297695351","0.5326276983795941","0.5099084516344103","0.796884932740743","0.768384858424626"
"AVG_bs(256)_lr(0.0001)_hs(49)_e(80)","finished","-","","","2025-05-28T10:15:11.000Z","2","","256","80","49","0.0001","0.5169269407524626","0.33475754912299205","0.5252660909411396","1.8486301438561803","0.32699548317952687","0.6272233231592242","0.5357545428024625","0.5169269407524626","0.8031547775053655","0.7768504309238107"
"AVG_bs(512)_lr(0.001)_hs(98)_e(50)","finished","-","","","2025-05-28T12:04:35.000Z","3","","512","50","98","0.001","0.5023608617278734","0.35617445400914083","0.5250995967093555","1.840257410345406","0.3581843438807561","0.6560863158498668","0.533815572093417","0.5023608617278734","0.7993098107872034","0.7708220917281481"
"AVG_bs(128)_lr(0.001)_hs(25)_e(100)","finished","-","","","2025-05-28T22:51:07.000Z","2","","128","100","25","0.001","0.5008509297282537","0.3710504850174709","0.5248397075766904","1.8370833695453144","0.36168645503272906","0.6571862541761179","0.5462271938942787","0.5008509297282537","0.8081881777574125","0.7783712248569185"
"AVG_bs(128)_lr(0.01)_hs(25)_e(100)","finished","-","","","2025-05-28T22:21:31.000Z","3","","128","100","25","0.01","0.5096782959317059","0.3499196463472879","0.5248148924302729","1.85483465132506","0.352135397753095","0.6473202931499951","0.5317739662845387","0.5096782959317059","0.7949377149717329","0.7692085733492967"
"AVG_bs(512)_lr(0.01)_hs(25)_e(50)","finished","-","","","2025-05-28T11:10:57.000Z","2","","512","50","25","0.01","0.5110930351686171","0.36640223696646534","0.524199502682645","1.843429744654688","0.3745488989464635","0.6610525032394765","0.5317506667461446","0.5110930351686171","0.7829653064305703","0.7625161317564395"
"AVG_bs(256)_lr(0.01)_hs(25)_e(50)","finished","-","","","2025-05-28T08:39:11.000Z","3","","256","50","25","0.01","0.49806107158594914","0.354839142386622","0.524079223643429","1.8497276507574936","0.3500548731246191","0.6459038765184502","0.5306038735975963","0.49806107158594914","0.795082953136242","0.7717719307299442"
"AVG_bs(64)_lr(0.001)_hs(25)_e(50)","finished","-","","","2025-05-28T02:15:07.000Z","3","","64","50","25","0.001","0.5065493886107595","0.35115457612567524","0.5233764727857734","1.853603337329367","0.3448540614594925","0.6456996571526006","0.5359754181154625","0.5065493886107595","0.8073681585747414","0.7762625636484495"
"AVG_bs(32)_lr(0.0001)_hs(25)_e(50)","finished","-","","","2025-05-27T21:22:54.000Z","3","","32","50","25","0.0001","0.5111735772699137","0.3354439892721868","0.5228624772306276","1.878718660136928","0.3315170103064939","0.6276961314719253","0.5226520197774094","0.5111735772699137","0.7943653651756939","0.7692945144937073"
"AVG_bs(32)_lr(0.01)_hs(25)_e(30)","finished","-","","","2025-05-27T17:15:36.000Z","3","","32","30","25","0.01","0.5219455401274022","0.3277523099981167","0.5227397800016161","1.8966949067945067","0.34050602855767254","0.6284168110011095","0.5029274461376169","0.5219455401274022","0.7748593325942931","0.7495920010811926"
"AVG_bs(64)_lr(0.01)_hs(98)_e(50)","finished","-","","","2025-05-28T01:51:51.000Z","3","","64","50","98","0.01","0.5010672838955756","0.355790186947453","0.5226845934418273","1.85888119780499","0.34872401699179395","0.6524079678641954","0.5286136337209344","0.5010672838955756","0.788467595245782","0.7565593943702205"
"AVG_bs(64)_lr(0.01)_hs(25)_e(30)","finished","-","","","2025-05-28T00:58:42.000Z","3","","64","30","25","0.01","0.5061811259818135","0.34356454506198814","0.5226626822571616","1.8750156243987708","0.3463507038101422","0.637522641314118","0.5119398432559124","0.5061811259818135","0.7834336970433403","0.7637960599921463"
"AVG_bs(128)_lr(0.01)_hs(49)_e(80)","finished","-","","","2025-05-28T05:59:30.000Z","3","","128","80","49","0.01","0.495681776978436","0.3481110617597335","0.5219616882413904","1.8495010106459908","0.3437621834164992","0.6435871874073283","0.534352870070428","0.495681776978436","0.7974264915246407","0.7684550085861892"
"AVG_bs(512)_lr(0.001)_hs(25)_e(80)","finished","-","","","2025-05-28T11:47:50.000Z","3","","512","80","25","0.001","0.5140163069196557","0.34185083988930126","0.5212330671417724","1.837803584131701","0.3363948159827147","0.6383176368787887","0.5407635318549918","0.5140163069196557","0.7968240782760203","0.7720303491837106"
"AVG_bs(32)_lr(0.001)_hs(25)_e(100)","finished","-","","","2025-05-28T15:41:15.000Z","4","","32","100","25","0.001","0.498647306161547","0.3471350107336719","0.5204233487407592","1.8642102766036988","0.3374038878973561","0.6386432754924576","0.532695843159699","0.498647306161547","0.808582599427587","0.7744599131800359"
"AVG_bs(128)_lr(0.01)_hs(49)_e(30)","finished","-","","","2025-05-28T05:47:31.000Z","3","","128","30","49","0.01","0.5108067927492407","0.36006360322572784","0.5201632430143003","1.8457873479179712","0.35894722044352667","0.6530516476502604","0.5341415214340838","0.5108067927492407","0.7889013228579931","0.7646600211405721"
"AVG_bs(256)_lr(0.01)_hs(49)_e(100)","finished","-","","","2025-05-29T00:24:57.000Z","2","","256","100","49","0.01","0.4903237676850382","0.3561780769553022","0.519919832445254","1.8402196127792885","0.3618178685816793","0.6610838212684206","0.5387928077463224","0.4903237676850382","0.8022138543284767","0.7723710661311816"
"AVG_bs(32)_lr(0.01)_hs(49)_e(80)","finished","-","","","2025-05-27T18:26:33.000Z","2","","32","80","49","0.01","0.5068076820191366","0.3383688112399051","0.5194902711988354","1.8875624284018635","0.3477859028504583","0.6367419532170567","0.5059403854548304","0.5068076820191366","0.7723315217924157","0.7540938743122826"
"AVG_bs(512)_lr(0.01)_hs(25)_e(80)","finished","-","","","2025-05-28T11:15:52.000Z","2","","512","80","25","0.01","0.5043170732790213","0.36623794437320306","0.519349854824076","1.8392087517113525","0.3701342046507716","0.6550807123633744","0.5346672227799518","0.5043170732790213","0.7889574405105342","0.7671579122864685"
"AVG_bs(512)_lr(0.01)_hs(49)_e(80)","finished","-","","","2025-05-28T11:26:33.000Z","3","","512","80","49","0.01","0.503433743565419","0.369034313367952","0.5173837475875291","1.83369146051078","0.37037983930497304","0.6568647050516263","0.5398227591881148","0.503433743565419","0.794724508146347","0.7670366408744919"
"AVG_bs(32)_lr(0.0001)_hs(49)_e(30)","finished","-","","","2025-05-27T21:49:02.000Z","2","","32","30","49","0.0001","0.5082490410795704","0.3265930891213923","0.5167917606139675","1.88503293638644","0.3270466703334106","0.6220139158371414","0.5138754267327715","0.5082490410795704","0.786317646223919","0.7628016388410155"
"AVG_bs(64)_lr(0.0001)_hs(25)_e(50)","finished","-","","","2025-05-28T03:23:38.000Z","3","","64","50","25","0.0001","0.5076371653028235","0.3221266292384321","0.5167816084063436","1.8766149759292603","0.324205172302929","0.6236017772154852","0.5192140299157757","0.5076371653028235","0.7877833885912235","0.7664513442949048"
"AVG_bs(128)_lr(0.0001)_hs(25)_e(80)","finished","-","","","2025-05-28T07:15:19.000Z","3","","128","80","25","0.0001","0.5040054505011324","0.3270731970002531","0.5161903178647365","1.861324182385984","0.3294432063366099","0.6247080951109629","0.5227648051755314","0.5040054505011324","0.7965788714814155","0.7709371459098706"
"AVG_bs(32)_lr(0.01)_hs(98)_e(50)","finished","-","","","2025-05-27T18:47:15.000Z","2","","32","50","98","0.01","0.5064950778439525","0.33823937813662763","0.5159501922181078","1.8940779485391537","0.33918098913600925","0.6246914089233133","0.5012546501762227","0.5064950778439525","0.7596005221182212","0.7440519875929905"
"AVG_bs(64)_lr(0.01)_hs(98)_e(80)","finished","-","","","2025-05-28T02:03:47.000Z","2","","64","80","98","0.01","0.4993123882862787","0.353184643600711","0.5153567850233179","1.8532582651013911","0.3484643596932756","0.6528757847775679","0.5307838144860302","0.4993123882862787","0.7896398173108852","0.7571603211647895"
"AVG_bs(256)_lr(0.0001)_hs(25)_e(100)","finished","-","","","2025-05-29T01:02:06.000Z","2","","256","100","25","0.0001","0.5024415509000181","0.32220673778982856","0.5143445138385352","1.8567287613605632","0.33008112327244454","0.6301022307477493","0.526491697990187","0.5024415509000181","0.7973092065665282","0.7685885490133435"
"AVG_bs(32)_lr(0.01)_hs(25)_e(100)","finished","-","","","2025-05-28T14:23:40.000Z","2","","32","100","25","0.01","0.4905816901788863","0.33523265683031755","0.513240278430045","1.8884542463655056","0.34959109638340974","0.6425935243196659","0.5079886324488385","0.4905816901788863","0.7763932089898112","0.7561003680977058"
"AVG_bs(256)_lr(0.001)_hs(25)_e(100)","finished","-","","","2025-05-29T00:39:53.000Z","3","","256","100","25","0.001","0.4905278233995454","0.36494708316283064","0.5126135096438753","1.8288067649150712","0.35045406717376104","0.6468278900502697","0.5468863755168517","0.4905278233995454","0.8135262481959536","0.7807021659128395"
"AVG_bs(64)_lr(0.0001)_hs(98)_e(30)","finished","-","","","2025-05-28T04:01:44.000Z","2","","64","30","98","0.0001","0.5017479139063905","0.32050377028634636","0.5123172591967856","1.8726506103640017","0.32480366166862684","0.6245997903095705","0.5173061901327349","0.5017479139063905","0.7922590840981275","0.7634419681197977"
"AVG_bs(128)_lr(0.0001)_hs(49)_e(50)","finished","-","","","2025-05-28T07:23:06.000Z","2","","128","50","49","0.0001","0.5017748343464264","0.32052277946919516","0.5118438164670246","1.866793591250544","0.3295031114296273","0.6275704638169302","0.5183041488235729","0.5017748343464264","0.7938925480533098","0.7666407551325456"
"AVG_bs(512)_lr(0.0001)_hs(49)_e(100)","finished","-","","","2025-05-29T02:27:29.000Z","2","","512","100","49","0.0001","0.5010810724813238","0.31835452295672395","0.5104727946395858","1.8554658717122572","0.32294420695054554","0.6230276480281047","0.5240111650438801","0.5010810724813238","0.7972272749866496","0.7707792932623383"
"AVG_bs(256)_lr(0.0001)_hs(98)_e(50)","finished","-","","","2025-05-28T10:21:52.000Z","3","","256","50","98","0.0001","0.5015710089504173","0.3184959013137642","0.5101650708233769","1.8631601670692703","0.35136340141399386","0.6340620155198943","0.5167796798621564","0.5015710089504173","0.7885290760537582","0.7650891303022831"
"AVG_bs(128)_lr(0.001)_hs(25)_e(30)","finished","-","","","2025-05-28T06:18:06.000Z","3","","128","30","25","0.001","0.500578050406637","0.3329786298301488","0.5087219282537204","1.8592745907410333","0.33400428666469034","0.6398070440100608","0.5244336159536745","0.500578050406637","0.7950080760498561","0.7584782590886194"
"AVG_bs(32)_lr(0.01)_hs(49)_e(30)","finished","-","","","2025-05-27T17:54:37.000Z","3","","32","30","49","0.01","0.4893708549607645","0.33003759464949345","0.5080693980670928","1.8955775042720464","0.3331211512745552","0.6257140381901116","0.493322252355984","0.4893708549607645","0.7669111256723337","0.7389069425307387"
"AVG_bs(512)_lr(0.0001)_hs(98)_e(80)","finished","-","","","2025-05-28T12:41:31.000Z","2","","512","80","98","0.0001","0.4964434143524129","0.31586883529241466","0.5078570837251878","1.8541331126772125","0.3102023668708375","0.6201754633292055","0.5236978780850798","0.4964434143524129","0.795827587280967","0.7704405730065034"
"AVG_bs(512)_lr(0.001)_hs(25)_e(50)","finished","-","","","2025-05-28T11:42:43.000Z","3","","512","50","25","0.001","0.4882962646964476","0.32903328356867784","0.5078037139007413","1.871273123806921","0.3375941399280909","0.6286690723153432","0.5064612460136494","0.4882962646964476","0.7813380990027878","0.7699152073202068"
"AVG_bs(32)_lr(0.0001)_hs(25)_e(30)","finished","-","","","2025-05-27T21:11:18.000Z","2","","32","30","25","0.0001","0.49402213425515","0.3141293968682062","0.5073803912939455","1.8953640722710152","0.3076723541097731","0.6130030949483214","0.5057989546201273","0.49402213425515","0.7874285060290312","0.7644563710879293"
"AVG_bs(64)_lr(0.0001)_hs(49)_e(30)","finished","-","","","2025-05-28T03:39:01.000Z","3","","64","30","49","0.0001","0.4954502439896122","0.3156124793523176","0.5069879130635384","1.8806125009578207","0.3072819210508379","0.6147726025875302","0.514926534704266","0.4954502439896122","0.7905577961655548","0.7663516952347325"
"AVG_bs(512)_lr(0.01)_hs(25)_e(30)","finished","-","","","2025-05-28T11:07:39.000Z","2","","512","30","25","0.01","0.5145736702852879","0.3366162986779978","0.5069104475483982","1.8858935956297251","0.35425363677381305","0.6158749853827292","0.4809848354746066","0.5145736702852879","0.7631015260572136","0.7673015209840862"
"AVG_bs(32)_lr(0.01)_hs(98)_e(80)","finished","-","","","2025-05-27T19:07:34.000Z","4","","32","80","98","0.01","0.48531820489207594","0.333478628366397","0.5067568881951441","1.886077250190403","0.3326015698946324","0.632238229470645","0.5063145743328266","0.48531820489207594","0.7714840719183764","0.7466246839358947"
"AVG_bs(64)_lr(0.01)_hs(25)_e(50)","finished","-","","","2025-05-28T01:05:39.000Z","2","","64","50","25","0.01","0.4866498796238982","0.3496790891355613","0.5054369778723032","1.8640976573073345","0.34118568312854397","0.638732680020705","0.5183419472248899","0.4866498796238982","0.7865367260720457","0.7539638321199025"
"AVG_bs(128)_lr(0.01)_hs(25)_e(30)","finished","-","","","2025-05-28T05:32:49.000Z","3","","128","30","25","0.01","0.4887159845477562","0.34355710730443967","0.5048332520951027","1.8632600713812784","0.34722473521404473","0.6434488908580378","0.5165964962609387","0.4887159845477562","0.7844321491724523","0.7549385423452241"
"AVG_bs(256)_lr(0.01)_hs(25)_e(100)","finished","-","","","2025-05-29T00:17:31.000Z","2","","256","100","25","0.01","0.4816050285650436","0.35235023239445773","0.5045238465247419","1.8445141327792205","0.3727189966674197","0.6720417380527322","0.5380704001652833","0.4816050285650436","0.7972952537415827","0.7656179662193521"
"AVG_bs(512)_lr(0.01)_hs(25)_e(100)","finished","-","","","2025-05-29T01:44:53.000Z","3","","512","100","25","0.01","0.4907714975956228","0.34355949966686844","0.5044595603298737","1.8555978766803087","0.3424290432049887","0.6308694009977454","0.5208417533386972","0.4907714975956228","0.7846487483252533","0.7638951766826849"
"AVG_bs(512)_lr(0.001)_hs(25)_e(30)","finished","-","","","2025-05-28T11:39:27.000Z","2","","512","30","25","0.001","0.4920907388284429","0.3132388034284213","0.5044400923587475","1.861949610710144","0.3138010457258674","0.6211698841380332","0.5160302287563974","0.4920907388284429","0.7860722293367195","0.7713504152753429"
"AVG_bs(64)_lr(0.01)_hs(25)_e(100)","finished","-","","","2025-05-28T19:22:27.000Z","2","","64","100","25","0.01","0.4890175630341956","0.3373709011870671","0.504220966361701","1.8679004444246707","0.34059815740273963","0.6388061469780061","0.5195067467469309","0.4890175630341956","0.7953537508933328","0.7621388549204774"
"AVG_bs(128)_lr(0.0001)_hs(98)_e(30)","finished","-","","","2025-05-28T07:33:46.000Z","3","","128","30","98","0.0001","0.4885003342855631","0.31047336878605003","0.5004119410278876","1.8740646675358648","0.3159037718526345","0.6200580992878331","0.5105383055528334","0.4885003342855631","0.7861623762269405","0.760931937067103"
"AVG_bs(256)_lr(0.0001)_hs(25)_e(80)","finished","-","","","2025-05-28T10:02:06.000Z","3","","256","80","25","0.0001","0.4882554122997108","0.3069370750567004","0.4996834336461472","1.86604243516922","0.3125443963128821","0.6185110781831424","0.5175144501314289","0.4882554122997108","0.7935898075722084","0.7652676891573126"
"AVG_bs(128)_lr(0.01)_hs(25)_e(50)","finished","-","","","2025-05-28T05:37:23.000Z","3","","128","50","25","0.01","0.4736355867423863","0.3352111361110658","0.4994329682787349","1.86284744552944","0.33328588889163","0.6307249902706609","0.5187826365591518","0.4736355867423863","0.7909606796597659","0.7618352093815413"
"AVG_bs(512)_lr(0.0001)_hs(49)_e(80)","finished","-","","","2025-05-28T12:30:58.000Z","2","","512","80","49","0.0001","0.4831003940758752","0.3046268069671828","0.4976857847154486","1.8619128169684576","0.3068570125734038","0.6175197585003614","0.5189056889117528","0.4831003940758752","0.7937739643264531","0.7676226670431943"
"AVG_bs(128)_lr(0.0001)_hs(49)_e(30)","finished","-","","","2025-05-28T07:18:21.000Z","2","","128","30","49","0.0001","0.48588878150969794","0.3019081868043122","0.49710295792362097","1.8829256352134371","0.333686803231658","0.6264602162374221","0.5037177824207817","0.48588878150969794","0.7863475970551191","0.7608296849911829"
"AVG_bs(128)_lr(0.0001)_hs(25)_e(50)","finished","-","","","2025-05-28T07:08:11.000Z","2","","128","50","25","0.0001","0.48248840730226183","0.30662231143356716","0.4963348142967763","1.8753717969811483","0.3017442536958176","0.6123312037414169","0.5161851183434777","0.48248840730226183","0.792398380982613","0.7674961269928979"
"AVG_bs(32)_lr(0.01)_hs(98)_e(100)","finished","-","","","2025-05-28T15:16:39.000Z","2","","32","100","98","0.01","0.4793735808588123","0.3318252679843571","0.4952028356348401","1.892678309627201","0.33067040830880556","0.624912840999296","0.4992289736106853","0.4793735808588123","0.7756542285690073","0.74609516815505"
"AVG_bs(256)_lr(0.01)_hs(25)_e(80)","finished","-","","","2025-05-28T08:45:12.000Z","3","","256","80","25","0.01","0.4704787988585082","0.3468467101807124","0.495190597296021","1.8567039317098155","0.36121524620004186","0.6534257549836866","0.5181909966845657","0.4704787988585082","0.7883423243535409","0.7619042744263596"
"AVG_bs(32)_lr(1e-05)_hs(98)_e(100)","finished","-","","","2025-05-28T19:07:26.000Z","2","","32","100","98","0.00001","0.484011762522944","0.3004509664016252","0.4940114508982806","1.90351259485535","0.2966734514159282","0.6076423584950084","0.5013181862690969","0.484011762522944","0.7821507651643413","0.7591927415835885"
"AVG_bs(64)_lr(0.0001)_hs(25)_e(30)","finished","-","","","2025-05-28T03:16:38.000Z","3","","64","30","25","0.0001","0.47965918319625833","0.299560078453053","0.49178418505921623","1.8909771953458372","0.3035060625439759","0.6131091352329312","0.5063966087207725","0.47965918319625833","0.7843983387745507","0.7610085551883166"
"AVG_bs(512)_lr(0.0001)_hs(25)_e(100)","finished","-","","","2025-05-29T02:21:30.000Z","3","","512","100","25","0.0001","0.4794148716931721","0.30017980703173114","0.4916069307019077","1.8681584719953868","0.31026449486311386","0.6181000767801393","0.5129753967756581","0.4794148716931721","0.7940173986661734","0.7647038955181171"
"AVG_bs(128)_lr(0.01)_hs(25)_e(80)","finished","-","","","2025-05-28T05:44:28.000Z","2","","128","80","25","0.01","0.45725903042757104","0.33868676862679215","0.4909897180694998","1.8590952514565509","0.334859365382259","0.6382713876869884","0.5211759202632946","0.45725903042757104","0.7986672183295919","0.7687059106376939"
"AVG_bs(32)_lr(0.01)_hs(49)_e(100)","finished","-","","","2025-05-28T14:49:37.000Z","2","","32","100","49","0.01","0.4715125108268194","0.32682453217559726","0.4905630215075413","1.8976778681900188","0.33283028237632795","0.6315830288768217","0.50147291390506","0.4715125108268194","0.7756278677838441","0.746460098121061"
"AVG_bs(256)_lr(0.0001)_hs(49)_e(50)","finished","-","","","2025-05-28T10:08:52.000Z","3","","256","50","49","0.0001","0.47560632778336664","0.29823595859937296","0.4900875669175041","1.8705102743773625","0.33357119891140524","0.627656377300821","0.5120682946379811","0.47560632778336664","0.7921988149720011","0.7638165046654815"
"AVG_bs(32)_lr(1e-05)_hs(49)_e(100)","finished","-","","","2025-05-28T18:40:49.000Z","2","","32","100","49","0.00001","0.4793330401782757","0.29973186588819295","0.4888156611932534","1.9130003479770992","0.2988077943161544","0.6036821356407227","0.49869924244017544","0.4793330401782757","0.7774176089114079","0.7574513151500311"
"AVG_bs(32)_lr(1e-05)_hs(98)_e(80)","finished","-","","","2025-05-28T00:54:20.000Z","3","","32","80","98","0.00001","0.47693921053108673","0.29769405873938215","0.48717232860394144","1.908924729875896","0.31629892593302894","0.6141851846865981","0.4957590752137587","0.47693921053108673","0.7792173634732349","0.7573616488467586"
"AVG_bs(64)_lr(0.01)_hs(49)_e(30)","finished","-","","","2025-05-28T01:21:24.000Z","2","","64","30","49","0.01","0.4535461232679401","0.3176793887080007","0.4862400481559045","1.880160989657692","0.32465274102699493","0.6367893126568248","0.5049541151270281","0.4535461232679401","0.7812024556198881","0.7519201809489708"
"AVG_bs(512)_lr(0.0001)_hs(98)_e(50)","finished","-","","","2025-05-28T12:36:26.000Z","2","","512","50","98","0.0001","0.47062829961310193","0.29468874136241424","0.4851021809293797","1.869209488506975","0.318513295049762","0.6232220511646523","0.5125598226392521","0.47062829961310193","0.790637831412601","0.7641981566856008"
"AVG_bs(256)_lr(0.0001)_hs(98)_e(30)","finished","-","","","2025-05-28T10:17:54.000Z","2","","256","30","98","0.0001","0.4723828890560419","0.2937475567677742","0.4846881553755717","1.8785910026780488","0.29807702166284666","0.6114181388897935","0.5049423719444734","0.4723828890560419","0.7865820441626977","0.7593664955846806"
"AVG_bs(128)_lr(0.0001)_hs(25)_e(30)","finished","-","","","2025-05-28T07:03:35.000Z","3","","128","30","25","0.0001","0.47201576137005646","0.2882254867287263","0.4838851082421268","1.891536679475204","0.31988437491279414","0.6196162304849832","0.5036434547018388","0.47201576137005646","0.7885092638906623","0.7616691468960746"
"AVG_bs(64)_lr(1e-05)_hs(98)_e(100)","finished","-","","","2025-05-28T22:11:59.000Z","2","","64","100","98","0.00001","0.4725596080922636","0.2871819691940434","0.48136518770941183","1.9033721776630568","0.3174159120525294","0.615449556251801","0.4951354011037756","0.4725596080922636","0.780367925245027","0.753496428730367"
"AVG_bs(512)_lr(0.0001)_hs(25)_e(80)","finished","-","","","2025-05-28T12:19:57.000Z","2","","512","80","25","0.0001","0.4676632190423264","0.2893532276252312","0.4808648807267716","1.87650235439169","0.3249294776690045","0.6229981315205325","0.5075853717745225","0.4676632190423264","0.7910256586184635","0.7605838797251057"
"AVG_bs(64)_lr(0.01)_hs(49)_e(100)","finished","-","","","2025-05-28T19:37:56.000Z","3","","64","100","49","0.01","0.4617048295476619","0.31949432913272446","0.4803009983798648","1.8759876831718112","0.3279711252308815","0.6357945367374886","0.5061890849789825","0.4617048295476619","0.783202822178522","0.7493997523089831"
"AVG_bs(32)_lr(1e-05)_hs(49)_e(80)","finished","-","","","2025-05-28T00:15:13.000Z","3","","32","80","49","0.00001","0.4674047360143022","0.2902575389920841","0.4786254991200578","1.9212199667225716","0.28602129761009315","0.5986037791777177","0.4885058836416352","0.4674047360143022","0.7750322687786915","0.7542396434264592"
"AVG_bs(32)_lr(0.01)_hs(25)_e(50)","finished","-","","","2025-05-27T17:28:11.000Z","2","","32","50","25","0.01","0.4489208588641542","0.31984096428237396","0.47734318288956745","1.897035903205042","0.33311339280556224","0.6304762280891749","0.49568640525259566","0.4489208588641542","0.7724965300248439","0.7472029113574955"
"AVG_bs(256)_lr(0.0001)_hs(25)_e(50)","finished","-","","","2025-05-28T09:56:02.000Z","2","","256","50","25","0.0001","0.4621818672558874","0.28372364810000994","0.4766926543814895","1.8862260937690736","0.3208582131458832","0.6245636361701481","0.5017910237652323","0.4621818672558874","0.7841939790706337","0.7554869679796681"
"AVG_bs(512)_lr(0.0001)_hs(49)_e(50)","finished","-","","","2025-05-28T12:25:56.000Z","3","","512","50","49","0.0001","0.46129789468543303","0.2818980218218027","0.4749165632643962","1.883896156015067","0.3294229581397508","0.6268700711561485","0.5040406074690267","0.46129789468543303","0.7900053234811855","0.7590989848256753"
"AVG_bs(64)_lr(0.01)_hs(49)_e(80)","finished","-","","","2025-05-28T01:39:40.000Z","3","","64","80","49","0.01","0.4662504758990654","0.3350080346816669","0.4746796966672503","1.8757537378435547","0.3451949934175627","0.64249681121023","0.5080914877408371","0.4662504758990654","0.7764889213020795","0.7483007709391766"
"AVG_bs(256)_lr(0.0001)_hs(49)_e(30)","finished","-","","","2025-05-28T10:04:45.000Z","2","","256","30","49","0.0001","0.4599649666139925","0.28206704040009456","0.473475073943238","1.8914054414321635","0.30341553023001655","0.6121777107985699","0.4980144778806277","0.4599649666139925","0.7832466878002078","0.7534232218382926"
"AVG_bs(32)_lr(1e-05)_hs(25)_e(100)","finished","-","","","2025-05-28T18:14:51.000Z","3","","32","100","25","0.00001","0.4629436313512869","0.2855984781317183","0.4734402141122072","1.9296583069407425","0.32939024159496","0.6182769837467192","0.4822668222992529","0.4629436313512869","0.767445292675172","0.7534861827243525"
"AVG_bs(32)_lr(0.01)_hs(25)_e(80)","finished","-","","","2025-05-27T17:46:57.000Z","2","","32","80","25","0.01","0.457653710310758","0.31567360633778124","0.4714933441672181","1.896548828871354","0.3241392359977968","0.6295653457031207","0.49604505228117546","0.457653710310758","0.7778271672083117","0.7410778858076098"
"AVG_bs(32)_lr(1e-05)_hs(98)_e(50)","finished","-","","","2025-05-28T00:35:04.000Z","3","","32","50","98","0.00001","0.4584823019196167","0.2888917944037807","0.4709477411745821","1.9248327155735183","0.2970125171660728","0.5999211827452152","0.4867870376413429","0.4584823019196167","0.7724623995414597","0.752490942372219"
"AVG_bs(64)_lr(1e-05)_hs(98)_e(80)","finished","-","","","2025-05-28T05:29:53.000Z","3","","64","80","98","0.00001","0.45543576999821295","0.2843836271693277","0.4686340638883612","1.9105239822553552","0.28592613496702896","0.5962774776711751","0.4899520762585386","0.45543576999821295","0.7787692014479053","0.7505923397106267"
"AVG_bs(64)_lr(1e-05)_hs(49)_e(100)","finished","-","","","2025-05-28T21:56:06.000Z","3","","64","100","49","0.00001","0.456074936204551","0.2788591149304507","0.4679900770034678","1.9148043100730232","0.31166901704125816","0.6110854171416744","0.4880667163122473","0.456074936204551","0.7810145256757857","0.7526449285069239"
"AVG_bs(512)_lr(0.0001)_hs(25)_e(50)","finished","-","","","2025-05-28T12:14:59.000Z","2","","512","50","25","0.0001","0.45014489530960544","0.2675110971860078","0.46665975436496954","1.8999472165929856","0.2700623829377085","0.5968661737637534","0.4920850223293268","0.45014489530960544","0.7918242867112821","0.757746631991775"
"AVG_bs(32)_lr(1e-05)_hs(25)_e(80)","finished","-","","","2025-05-27T23:36:55.000Z","2","","32","80","25","0.00001","0.4545653085213404","0.27590943320010863","0.4646277820369528","1.93745431314344","0.2955576947536469","0.5980968405989021","0.4647098769236128","0.4545653085213404","0.7638858353942084","0.7511817738699957"
"AVG_bs(512)_lr(0.0001)_hs(98)_e(30)","finished","-","","","2025-05-28T12:33:08.000Z","3","","512","30","98","0.0001","0.45075691908217425","0.2747156056709441","0.46421330130515515","1.892547188956162","0.31083762694006384","0.6135933583990993","0.49549626507202393","0.45075691908217425","0.7849649804921701","0.753879866464245"
"AVG_bs(128)_lr(1e-05)_hs(98)_e(100)","finished","-","","","2025-05-29T00:10:12.000Z","2","","128","100","98","0.00001","0.4473838528788333","0.2731482691224857","0.4603355251024778","1.9095952869498212","0.31003704169396196","0.6071075422177782","0.4835923745842089","0.4473838528788333","0.7804045889097839","0.7494611852565443"
"AVG_bs(32)_lr(1e-05)_hs(49)_e(50)","finished","-","","","2025-05-27T23:56:15.000Z","2","","32","50","49","0.00001","0.4459693347106811","0.2728217945074958","0.457325066058897","1.9424739048791968","0.2987458354848391","0.5965916555498396","0.4467182204740455","0.4459693347106811","0.7636811699332468","0.7519499684007025"
"AVG_bs(64)_lr(1e-05)_hs(49)_e(80)","finished","-","","","2025-05-28T05:06:02.000Z","3","","64","80","49","0.00001","0.4430587758007591","0.26839127593265455","0.4569844244068571","1.9243501390581543","0.31503791477993315","0.6095445580550597","0.4786422289854394","0.4430587758007591","0.7778699170035275","0.7502295391950499"
"AVG_bs(128)_lr(1e-05)_hs(98)_e(80)","finished","-","","","2025-05-28T08:32:52.000Z","2","","128","80","98","0.00001","0.4402433134562611","0.2676723453077714","0.4556559381855429","1.915603574047918","0.29472969305139773","0.5989884174333863","0.4780843825232621","0.4402433134562611","0.7820431606547595","0.7518146147954201"
"AVG_bs(32)_lr(1e-05)_hs(98)_e(30)","finished","-","","","2025-05-28T00:22:45.000Z","3","","32","30","98","0.00001","0.4411408831428689","0.27525949796867344","0.45337463835842806","1.944511131566504","0.275311229207597","0.5812266360673161","0.4654090379902825","0.4411408831428689","0.7599516123867542","0.7477903185632238"
"AVG_bs(256)_lr(0.0001)_hs(25)_e(30)","finished","-","","","2025-05-28T09:52:05.000Z","2","","256","30","25","0.0001","0.4358635176978954","0.2611193650401142","0.4533062837495536","1.9115589548801553","0.29646780882896934","0.6041947750747211","0.4820595464574942","0.4358635176978954","0.7837284062548621","0.7503397581975263"
"AVG_bs(512)_lr(0.0001)_hs(49)_e(30)","finished","-","","","2025-05-28T12:22:10.000Z","2","","512","30","49","0.0001","0.4334154004082465","0.2595300952761437","0.45251032689337817","1.9095365417414696","0.2995898972884382","0.6050367718461331","0.4777554647677086","0.4334154004082465","0.7846512409980951","0.7511106456957067"
"AVG_bs(64)_lr(1e-05)_hs(25)_e(100)","finished","-","","","2025-05-28T21:40:49.000Z","2","","64","100","25","0.00001","0.4385022637810934","0.26307195377190495","0.4520010421628033","1.935154708883037","0.2668445709833406","0.5848772430041254","0.47087981618488295","0.4385022637810934","0.7739037182266502","0.7500227831878047"
"AVG_bs(64)_lr(1e-05)_hs(98)_e(50)","finished","-","","","2025-05-28T05:18:12.000Z","3","","64","50","98","0.00001","0.4358501425754751","0.26406651121066443","0.4500694516795061","1.9272979038694629","0.29989629997711675","0.5988750606334203","0.476473297409667","0.4358501425754751","0.7768371775957071","0.7487777049229458"
"AVG_bs(32)_lr(1e-05)_hs(49)_e(30)","finished","-","","","2025-05-27T23:44:17.000Z","2","","32","30","49","0.00001","0.4367614286998678","0.25232559483987693","0.4486839594843772","1.9600375146451203","0.2804220543357535","0.5847501067290435","0.3977811678352795","0.4367614286998678","0.7586103604690223","0.7477026559383757"
"AVG_bs(32)_lr(1e-05)_hs(25)_e(50)","finished","-","","","2025-05-27T23:18:26.000Z","3","","32","50","25","0.00001","0.4355236674918667","0.24853308118016365","0.4475746636745264","1.959015464938205","0.313186109499081","0.600991630919543","0.39446136384447533","0.4355236674918667","0.7562154417834969","0.7449359248567238"
"AVG_bs(128)_lr(1e-05)_hs(49)_e(100)","finished","-","","","2025-05-29T00:00:08.000Z","2","","128","100","49","0.00001","0.42511868802443703","0.25557394797689714","0.4448582646320892","1.925832709851472","0.2940541815756634","0.5984684756710766","0.47008714398650986","0.42511868802443703","0.7812660917727966","0.7491698688420898"
"AVG_bs(64)_lr(1e-05)_hs(25)_e(80)","finished","-","","","2025-05-28T04:42:42.000Z","2","","64","80","25","0.00001","0.42602970683137614","0.2552839447219619","0.4422911771920324","1.9470682678015336","0.2824148317020766","0.5899340754292958","0.45340134936348975","0.42602970683137614","0.7662759632803424","0.7480276007666091"
"AVG_bs(256)_lr(1e-05)_hs(98)_e(100)","finished","-","","","2025-05-29T01:39:00.000Z","3","","256","100","98","0.00001","0.418345230039156","0.25136094506087614","0.4403463885352702","1.920103473087837","0.28536532269644643","0.5941117771108008","0.46685127882968247","0.418345230039156","0.7817668499241371","0.7494104972006674"
"AVG_bs(128)_lr(1e-05)_hs(98)_e(50)","finished","-","","","2025-05-28T08:25:09.000Z","3","","128","50","98","0.00001","0.4173933856597229","0.2490874614773074","0.43966893645696264","1.9380081083463587","0.2719524776818404","0.5836989513255192","0.4619183554491625","0.4173933856597229","0.7810779105778279","0.7484089999077362"
"AVG_bs(64)_lr(1e-05)_hs(49)_e(50)","finished","-","","","2025-05-28T04:54:45.000Z","3","","64","50","49","0.00001","0.42043974738593126","0.25471143987974726","0.43815998995613936","1.9456648836965147","0.28545429542573997","0.5886945679747548","0.46596948093234536","0.42043974738593126","0.7721070426484523","0.7487556627207888"
"AVG_bs(64)_lr(1e-05)_hs(98)_e(30)","finished","-","","","2025-05-28T05:10:44.000Z","3","","64","30","98","0.00001","0.41970552161312485","0.2535617558327832","0.4379690508695827","1.9512831494082576","0.2705573470097836","0.5805253491515796","0.4608088900377816","0.41970552161312485","0.7678567828455364","0.7470396992805994"
"AVG_bs(128)_lr(1e-05)_hs(25)_e(100)","finished","-","","","2025-05-28T23:50:11.000Z","2","","128","100","25","0.00001","0.4174616043339097","0.2418566745431529","0.4359086326908995","1.955940338632335","0.2838090902087769","0.5842389401028474","0.44940657109370746","0.4174616043339097","0.7728660550032547","0.7449851734063728"
"AVG_bs(128)_lr(1e-05)_hs(25)_e(80)","finished","-","","","2025-05-28T08:01:17.000Z","2","","128","80","25","0.00001","0.40732750624449865","0.2391873293117704","0.4329346372725487","1.970377452062524","0.2649952714662248","0.5773486827874345","0.4488028501809932","0.40732750624449865","0.7758221171078908","0.7466056560345369"
"AVG_bs(32)_lr(1e-05)_hs(25)_e(30)","finished","-","","","2025-05-27T23:06:44.000Z","2","","32","30","25","0.00001","0.419323665567921","0.23700790050074455","0.4317634381158634","1.9831457179007324","0.29338415484381275","0.5867313390101353","0.3823379044167115","0.419323665567921","0.7584014139695997","0.7477899130611941"
"AVG_bs(128)_lr(1e-05)_hs(49)_e(80)","finished","-","","","2025-05-28T08:16:59.000Z","2","","128","80","49","0.00001","0.4043907298746956","0.2443728944514108","0.42963303473781583","1.9373441708606225","0.2892094381777509","0.5949939731487002","0.4614141402739821","0.4043907298746956","0.7827958927743959","0.750071215574922"
"AVG_bs(128)_lr(1e-05)_hs(98)_e(30)","finished","-","","","2025-05-28T08:20:12.000Z","3","","128","30","98","0.00001","0.39889553862894456","0.2342651476817256","0.4245578680259765","1.9726554453891256","0.29721019263680976","0.5857050859673307","0.44573749761264214","0.39889553862894456","0.7691738888820149","0.7440910492748395"
"AVG_bs(256)_lr(1e-05)_hs(98)_e(80)","finished","-","","","2025-05-28T11:05:29.000Z","3","","256","80","98","0.00001","0.3940809191206533","0.2403116633720121","0.4233427785408468","1.9313461172169653","0.27968977775080933","0.5908431364543698","0.4577123909954088","0.3940809191206533","0.7847529927716708","0.7500622957175538"
"AVG_bs(512)_lr(0.0001)_hs(25)_e(30)","finished","-","","","2025-05-28T12:11:47.000Z","2","","512","30","25","0.0001","0.39767229581108926","0.23684048347273765","0.4229831078289776","1.9341354403002509","0.27865828147955984","0.5854784291321661","0.45751556726494275","0.39767229581108926","0.7855152129409895","0.7479482444832046"
"AVG_bs(64)_lr(1e-05)_hs(49)_e(30)","finished","-","","","2025-05-28T04:47:20.000Z","2","","64","30","49","0.00001","0.40360203516454735","0.24046323642823847","0.4199111295729753","1.979845816259799","0.28113862898641534","0.5798806012367488","0.4198065563775689","0.40360203516454735","0.7602245938604376","0.7415018713127484"
"AVG_bs(256)_lr(1e-05)_hs(98)_e(50)","finished","-","","","2025-05-28T10:59:09.000Z","3","","256","50","98","0.00001","0.3820982135424317","0.23138468974069787","0.4174663671836677","1.960134965386884","0.2704284555646109","0.5813619644463023","0.4415378606675492","0.3820982135424317","0.7790972282693639","0.7435361069988982"
"AVG_bs(256)_lr(1e-05)_hs(49)_e(80)","finished","-","","","2025-05-28T10:52:32.000Z","3","","256","80","49","0.00001","0.3837849145268629","0.22805890112536292","0.4167719224605409","1.9642495323871745","0.2635356031382449","0.5710033338098135","0.4364488935238719","0.3837849145268629","0.7752058961614561","0.742286791718214"
"AVG_bs(512)_lr(1e-05)_hs(98)_e(100)","finished","-","","","2025-05-29T02:51:48.000Z","3","","512","100","98","0.00001","0.3795410825302402","0.23269029632161864","0.4167236738108532","1.9441485758485464","0.2899397615143357","0.5945318107952244","0.44374536896314976","0.3795410825302402","0.7807517650779866","0.7430093265808062"
"AVG_bs(256)_lr(1e-05)_hs(49)_e(100)","finished","-","","","2025-05-29T01:31:30.000Z","3","","256","100","49","0.00001","0.38148622769379226","0.23386527451362324","0.41565429816517135","1.9479929899347237","0.26242989022974156","0.5803371012165641","0.4458558216740678","0.38148622769379226","0.7789429561962885","0.7449403409201454"
"AVG_bs(64)_lr(1e-05)_hs(25)_e(50)","finished","-","","","2025-05-28T04:31:55.000Z","2","","64","50","25","0.00001","0.3975088288757608","0.2349682991900866","0.415478282000372","1.9802687167084736","0.3068461019258897","0.595041343083131","0.41110382807126944","0.3975088288757608","0.764269487799771","0.7468857006291976"
"AVG_bs(128)_lr(1e-05)_hs(49)_e(50)","finished","-","","","2025-05-28T08:09:28.000Z","2","","128","50","49","0.00001","0.38416527581426374","0.2276481532278481","0.4104832328171705","1.9708502781909445","0.25770060090495017","0.5733404145752079","0.444815482025627","0.38416527581426374","0.7725727105815571","0.7418400802422613"
"AVG_bs(64)_lr(1e-05)_hs(25)_e(30)","finished","-","","","2025-05-28T04:25:03.000Z","2","","64","30","25","0.00001","0.3914160721242839","0.2174276820890268","0.39131436401020225","2.0190000065513276","0.270178691299244","0.5662543284347921","0.39857088744543107","0.3914160721242839","0.7577874883215877","0.7385631520460146"
"AVG_bs(512)_lr(1e-05)_hs(98)_e(80)","finished","-","","","2025-05-28T13:13:08.000Z","3","","512","80","98","0.00001","0.35528995156466736","0.2169776727418487","0.3905827665552832","1.9652699848701216","0.2882602652216701","0.5910443404127947","0.4360287324575543","0.35528995156466736","0.7755035181816131","0.7377049908772607"
"AVG_bs(256)_lr(1e-05)_hs(25)_e(100)","finished","-","","","2025-05-29T01:24:04.000Z","3","","256","100","25","0.00001","0.3465171939696142","0.20660064489008523","0.3747555519885736","1.9904219660265696","0.2496034726021973","0.5604145530366778","0.4164302153121013","0.3465171939696142","0.7694951608722661","0.7326310144814747"
"AVG_bs(512)_lr(1e-05)_hs(98)_e(50)","finished","-","","","2025-05-28T13:07:50.000Z","2","","512","50","98","0.00001","0.3349564263300847","0.196860121900486","0.3718589611361729","2.007774065280783","0.2805911045837308","0.5723631308261441","0.4173313717671814","0.3349564263300847","0.7666398137927779","0.7348010611083811"
"AVG_bs(512)_lr(1e-05)_hs(49)_e(100)","finished","-","","","2025-05-29T02:45:39.000Z","3","","512","100","49","0.00001","0.33184199947535487","0.2050468923439037","0.3707940144443892","1.9863251850522796","0.24755110326821125","0.5536909073117171","0.42201182463363623","0.33184199947535487","0.7731006483440378","0.73415483479534"
"AVG_bs(256)_lr(1e-05)_hs(98)_e(30)","finished","-","","","2025-05-28T10:55:10.000Z","2","","256","30","98","0.00001","0.337240715019615","0.2063742197112534","0.36964853311066515","2.011508574156925","0.24505664420448775","0.5589727184832365","0.42183676071808246","0.337240715019615","0.7634589068182949","0.7341927923565565"
"AVG_bs(128)_lr(1e-05)_hs(25)_e(50)","finished","-","","","2025-05-28T07:53:54.000Z","3","","128","50","25","0.00001","0.3551824178003455","0.20517371452263175","0.3660231485494631","2.0118183764167457","0.28150422899976235","0.5671920520659717","0.41425817625330286","0.3551824178003455","0.7613462150089039","0.7377086699996759"
"AVG_bs(256)_lr(1e-05)_hs(25)_e(80)","finished","-","","","2025-05-28T10:40:09.000Z","2","","256","80","25","0.00001","0.3309980301756081","0.1978759022895164","0.35205266315369255","2.021938723120196","0.24002104831055135","0.563194094185554","0.4135241241422364","0.3309980301756081","0.7622886630730841","0.7287809925256064"
"AVG_bs(128)_lr(1e-05)_hs(49)_e(30)","finished","-","","","2025-05-28T08:04:31.000Z","3","","128","30","49","0.00001","0.3472405198501246","0.1940334157752808","0.3316959647463579","2.0146664803961047","0.23202231584980249","0.5483357909891431","0.4029346191878518","0.3472405198501246","0.7581626006886459","0.7334590846536411"
"AVG_bs(512)_lr(1e-05)_hs(49)_e(80)","finished","-","","","2025-05-28T13:02:13.000Z","3","","512","80","49","0.00001","0.2942887894274745","0.18386778386992889","0.3066276749621083","2.011800424806003","0.2738109452662937","0.571596279204341","0.4144234589805883","0.2942887894274745","0.7678179738653483","0.7334910130834686"
"AVG_bs(256)_lr(1e-05)_hs(25)_e(50)","finished","-","","","2025-05-28T10:34:19.000Z","3","","256","50","25","0.00001","0.29762062676970624","0.1772301605335911","0.3016638449159742","2.063810212447726","0.2225428935591159","0.4419325075813217","0.3874911362903846","0.29762062676970624","0.7486602960937739","0.7228665425569166"
"AVG_bs(256)_lr(1e-05)_hs(49)_e(50)","finished","-","","","2025-05-28T10:46:35.000Z","2","","256","50","49","0.00001","0.295974661635302","0.1812972435405564","0.2967745198791961","2.0119230685562925","0.26342860124238643","0.5096520031668024","0.4066245876807841","0.295974661635302","0.7578940102456976","0.7265160145124521"
"AVG_bs(512)_lr(1e-05)_hs(25)_e(100)","finished","-","","","2025-05-29T02:39:34.000Z","2","","512","100","25","0.00001","0.26922112758756817","0.17071835970632093","0.274438566568158","2.049645154229526","0.25012580644628124","0.49019256396774624","0.39510234039186104","0.26922112758756817","0.7554563010877275","0.7204115127095092"
"AVG_bs(512)_lr(1e-05)_hs(49)_e(50)","finished","-","","","2025-05-28T12:57:18.000Z","2","","512","50","49","0.00001","0.2605020943258772","0.16096409084346638","0.2683652327603754","2.055944954937902","0.2382260263254803","0.541698740091759","0.3808206770450246","0.2605020943258772","0.7556027626056278","0.7271990464728194"
"AVG_bs(256)_lr(1e-05)_hs(49)_e(30)","finished","-","","","2025-05-28T10:42:40.000Z","3","","256","30","49","0.00001","0.2573069810739243","0.15864924792638657","0.2635950442780344","2.059232441310225","0.2350838672368117","0.4820971110860729","0.3883569438568021","0.2573069810739243","0.7525470764592146","0.7282714627152932"
"AVG_bs(512)_lr(1e-05)_hs(98)_e(30)","finished","-","","","2025-05-28T13:04:27.000Z","3","","512","30","98","0.00001","0.25661612640175163","0.14944432856241704","0.26052230432258827","2.06152548789978","0.23648676267107435","0.5250792278449022","0.378448257288126","0.25661612640175163","0.7466082823162508","0.721621409057476"
"AVG_bs(512)_lr(1e-05)_hs(25)_e(80)","finished","-","","","2025-05-28T12:51:50.000Z","2","","512","80","25","0.00001","0.24426283836007312","0.14431163474811842","0.23110478321011524","2.0727412437570507","0.2254887741066108","0.536788464903651","0.37236871496181817","0.24426283836007312","0.7543932749039222","0.7291490277529128"
"AVG_bs(512)_lr(1e-05)_hs(49)_e(30)","finished","-","","","2025-05-28T12:54:00.000Z","2","","512","30","49","0.00001","0.20944499069291272","0.12547869524716532","0.2110764294021982","2.1023856245238206","0.15964131426234637","0.331982259696624","0.3183225416956275","0.20944499069291272","0.7364184728158715","0.7100056129538546"
"AVG_bs(128)_lr(1e-05)_hs(25)_e(30)","finished","-","","","2025-05-28T07:49:14.000Z","2","","128","30","25","0.00001","0.20665606122439165","0.13751487075873436","0.20225972694139863","2.0602584376542468","0.2364064424805341","0.4702503204549922","0.35945563115600365","0.20665606122439165","0.756539655332001","0.7272326244516897"
"AVG_bs(512)_lr(1e-05)_hs(25)_e(50)","finished","-","","","2025-05-28T12:46:51.000Z","2","","512","50","25","0.00001","0.18795589743001556","0.10546776532899668","0.18017755463152063","2.113301841143904","0.1602648028833229","0.322490240090587","0.29382942786805943","0.18795589743001556","0.7296817945761409","0.7051164258278975"
"AVG_bs(256)_lr(1e-05)_hs(25)_e(30)","finished","-","","","2025-05-28T10:30:28.000Z","3","","256","30","25","0.00001","0.20781012524516437","0.12256824981318068","0.16958792633321126","2.095708746745669","0.1836061888121145","0.4191004728724336","0.3067426018773153","0.20781012524516437","0.7386350301235696","0.7150093192382314"
"AVG_bs(512)_lr(1e-05)_hs(25)_e(30)","finished","-","","","2025-05-28T12:43:40.000Z","2","","512","30","25","0.00001","0.1587965636480082","0.11257464828915102","0.1497784043434362","2.1488169966072874","0.16988090186253096","0.33831696418486695","0.2903002427787222","0.1587965636480082","0.6740683204159541","0.6579617453040277"