"Name","State","Tags","Created","batch_size","epochs","hidden_size","learning_rate","avg_accuracy","avg_f1_macro","avg_f1_weighted","avg_loss","avg_precision_macro","avg_precision_weighted","avg_recall_macro","avg_recall_weighted","avg_roc_auc_ovo","avg_roc_auc_ovr"
"AVG_bs(128)_lr(0.001)_hs(98)_e(80)","finished","","2025-06-04T10:00:04.000Z","128","80","98","0.001","0.5402253097645053","0.41207090591007595","0.5727720489524989","1.1308383695457291","0.3931324480204498","0.6908632793959635","0.6127265983330894","0.5402253097645053","0.90380235947592","0.8781206821109743"
"AVG_bs(256)_lr(0.001)_hs(98)_e(30)","finished","","2025-06-04T13:12:34.000Z","256","30","98","0.001","0.5401306266624093","0.4020591234506904","0.5726468298899771","1.152091923664356","0.3909167915515981","0.6897062875781728","0.5973304994428967","0.5401306266624093","0.8976273673480479","0.8740701161734229"
"AVG_bs(32)_lr(0.0001)_hs(98)_e(80)","finished","","2025-06-04T00:08:24.000Z","32","80","98","0.0001","0.550998295643114","0.4206212311777842","0.5726399574805762","1.237552818319072","0.39563823733856895","0.6772394800809898","0.58269241341623","0.550998295643114","0.8951020724776477","0.871677989675575"
"AVG_bs(64)_lr(0.0001)_hs(98)_e(80)","finished","","2025-06-04T06:38:13.000Z","64","80","98","0.0001","0.5448089725427051","0.40008899547015886","0.5713152675575148","1.1785443677850391","0.3789920146099247","0.6829092537806964","0.6094989095900692","0.5448089725427051","0.8984310704564699","0.8719814868895295"
"AVG_bs(128)_lr(0.0001)_hs(98)_e(80)","finished","","2025-06-04T10:58:43.000Z","128","80","98","0.0001","0.5381993070835611","0.3954478229726316","0.5664889329685494","1.152091535018838","0.3747293762283206","0.6830520186596123","0.6065417719565233","0.5381993070835611","0.8986122178366627","0.8706581500325024"
"AVG_bs(32)_lr(0.0001)_hs(49)_e(80)","finished","","2025-06-03T23:19:55.000Z","32","80","49","0.0001","0.5393413233194427","0.4078075931368974","0.5629126217824759","1.2787691775936147","0.3837797330275852","0.6666345233850255","0.5705735590934319","0.5393413233194427","0.8860344788151278","0.8618609999547854"
"AVG_bs(128)_lr(0.001)_hs(49)_e(80)","finished","","2025-06-04T09:39:55.000Z","128","80","49","0.001","0.5311942263869891","0.40079655023802446","0.5619558673604883","1.1826800685343533","0.3872461499460904","0.6893912374689363","0.593946854106844","0.5311942263869891","0.8953927180220967","0.8724380198705882"
"AVG_bs(256)_lr(0.0001)_hs(98)_e(80)","finished","","2025-06-04T14:07:48.000Z","256","80","98","0.0001","0.5337508458886205","0.3883808957856759","0.5619154500020059","1.1556693790287806","0.36698060680152544","0.6760274859890116","0.5988155337348325","0.5337508458886205","0.8946772700149926","0.866401028361571"
"AVG_bs(64)_lr(0.0001)_hs(49)_e(80)","finished","","2025-06-04T06:08:52.000Z","64","80","49","0.0001","0.5378318565816886","0.3815646293727296","0.5604832214589156","1.2350581858728245","0.3602498213194406","0.6679342248927141","0.5813569533648343","0.5378318565816886","0.8888132905105974","0.8589790364592469"
"AVG_bs(128)_lr(0.001)_hs(98)_e(50)","finished","","2025-06-04T09:50:18.000Z","128","50","98","0.001","0.523822072577891","0.398426839069942","0.5586083197542842","1.156826580296392","0.38233376889877935","0.6883028509174688","0.6058060312949886","0.523822072577891","0.9009886704283426","0.8752540584666116"
"AVG_bs(32)_lr(0.0001)_hs(98)_e(50)","finished","","2025-06-03T23:44:26.000Z","32","50","98","0.0001","0.5335473895571928","0.3998174452277548","0.5577961649744815","1.2469029348116851","0.37251802790844935","0.6610984422101461","0.5798499883531459","0.5335473895571928","0.8928485943778339","0.8672248210224325"
"AVG_bs(32)_lr(0.0001)_hs(49)_e(50)","finished","","2025-06-03T22:57:03.000Z","32","50","49","0.0001","0.5335065066363176","0.3957905196601104","0.5564382256732157","1.2978635141253472","0.3672039863742166","0.6582849956864476","0.5669726101419661","0.5335065066363176","0.8812629673382787","0.8547012082613883"
"AVG_bs(64)_lr(0.0001)_hs(49)_e(50)","finished","","2025-06-04T05:55:25.000Z","64","50","49","0.0001","0.5333160850369194","0.37475355488456774","0.5563228256081798","1.2617786985117458","0.3549804986379317","0.6606339481732512","0.5699041935482745","0.5333160850369194","0.8847126899041496","0.8551463288726715"
"AVG_bs(64)_lr(0.001)_hs(98)_e(50)","finished","","2025-06-04T05:00:43.000Z","64","50","98","0.001","0.524720903928882","0.3966186544579438","0.5549763591555525","1.202015417503274","0.3850363560842222","0.6839087006257427","0.5913674501186816","0.524720903928882","0.8968808360030142","0.8718841874485692"
"AVG_bs(128)_lr(0.001)_hs(49)_e(30)","finished","","2025-06-04T09:24:23.000Z","128","30","49","0.001","0.5299436339412138","0.3858909288514114","0.5539304233669957","1.2010026652398316","0.3674559086660393","0.6697108942534579","0.5873629874603872","0.5299436339412138","0.8921130875345581","0.8640059193560334"
"AVG_bs(64)_lr(0.001)_hs(98)_e(80)","finished","","2025-06-04T05:15:06.000Z","64","80","98","0.001","0.5265435242763097","0.4153545904963233","0.5529285959920279","1.168730535014816","0.3940752188212771","0.6847489103986514","0.5995493445073123","0.5265435242763097","0.9022193942197386","0.8781383692024921"
"AVG_bs(32)_lr(0.001)_hs(49)_e(80)","finished","","2025-06-03T20:58:05.000Z","32","80","49","0.001","0.5409733870212843","0.40729357084446305","0.5529136216021242","1.314707848066869","0.39715514292492793","0.6677815743164329","0.5601066686082209","0.5409733870212843","0.8846836624926354","0.8619733605908598"
"AVG_bs(64)_lr(0.001)_hs(49)_e(50)","finished","","2025-06-04T04:32:16.000Z","64","50","49","0.001","0.5232100969039644","0.3972761442392102","0.552832118301722","1.2260400371707003","0.37700134430249","0.6697407783171923","0.580311951952422","0.5232100969039644","0.8932286721753293","0.8672342451762285"
"AVG_bs(64)_lr(0.0001)_hs(98)_e(50)","finished","","2025-06-04T06:23:45.000Z","64","50","98","0.0001","0.5222721243579294","0.38223386266899506","0.5506560456336078","1.2163981575292089","0.36339321254194407","0.6676311181735903","0.5817922879707604","0.5222721243579294","0.8923594803091515","0.8645778596406825"
"AVG_bs(512)_lr(0.001)_hs(98)_e(80)","finished","","2025-06-04T15:56:56.000Z","512","80","98","0.001","0.5173746567884387","0.392571386382436","0.5504205447121009","1.1457303491132014","0.3821590130034872","0.6836733738999942","0.6054462659041016","0.5173746567884387","0.9011242474144944","0.8746307045830892"
"AVG_bs(512)_lr(0.01)_hs(98)_e(50)","finished","","2025-06-04T15:16:35.000Z","512","50","98","0.01","0.5194573316945263","0.397465459058491","0.5500215598242091","1.161950343230675","0.3877577260023699","0.674867823725009","0.5901044161569924","0.5194573316945263","0.8970362248768098","0.8716489583204844"
"AVG_bs(32)_lr(0.001)_hs(25)_e(50)","finished","","2025-06-03T19:43:31.000Z","32","50","25","0.001","0.5360775168816985","0.3887420529710429","0.5484123676463346","1.3543120584151018","0.3722552399851443","0.6465929557737772","0.5445241223535255","0.5360775168816985","0.8716523770290598","0.8474351435702958"
"AVG_bs(128)_lr(0.0001)_hs(49)_e(80)","finished","","2025-06-04T10:37:33.000Z","128","80","49","0.0001","0.5239578004712927","0.3710416720358586","0.5470030041303309","1.2177744562211246","0.3535578641125125","0.6652720435001678","0.5739487770155146","0.5239578004712927","0.8875738062071832","0.8568912345786283"
"AVG_bs(256)_lr(0.001)_hs(98)_e(80)","finished","","2025-06-04T13:24:55.000Z","256","80","98","0.001","0.5195115906627956","0.4018594541829661","0.5469118889605873","1.1636970446027557","0.38888299196704224","0.6836888111885016","0.6022467797803988","0.5195115906627956","0.9031686365735015","0.8784324855567475"
"AVG_bs(512)_lr(0.001)_hs(98)_e(50)","finished","","2025-06-04T15:51:14.000Z","512","50","98","0.001","0.5094463624291886","0.39767950098802574","0.5463656433019318","1.1486290191781934","0.38569666761444327","0.6822019769038568","0.5996353667605081","0.5094463624291886","0.8984737768359153","0.874144950909877"
"AVG_bs(64)_lr(0.001)_hs(49)_e(30)","finished","","2025-06-04T04:23:47.000Z","64","30","49","0.001","0.5192116133061564","0.3821600996400239","0.5461727211655585","1.2585413002967831","0.370793260881499","0.6617994221965651","0.5671117153083225","0.5192116133061564","0.8877911129898987","0.8629488745550911"
"AVG_bs(64)_lr(0.001)_hs(98)_e(30)","finished","","2025-06-04T04:51:29.000Z","64","30","98","0.001","0.5143959689267972","0.39088137674660456","0.5454765420702784","1.21093144580074","0.37268365606079146","0.6743266455766816","0.5787532069186714","0.5143959689267972","0.8961485715463857","0.8692347891350766"
"AVG_bs(32)_lr(0.001)_hs(98)_e(50)","finished","","2025-06-03T21:24:55.000Z","32","50","98","0.001","0.5186949265922223","0.41436496991199034","0.5447993719277012","1.2703194833644058","0.3887961751766992","0.6602025189798209","0.5694466800119693","0.5186949265922223","0.8907154617466263","0.8658975595846117"
"AVG_bs(32)_lr(0.0001)_hs(25)_e(80)","finished","","2025-06-03T22:33:41.000Z","32","80","25","0.0001","0.5282157595941067","0.3694270809551097","0.5443198441177646","1.3357867110034696","0.3487021668057268","0.6416665974335293","0.5489248826731139","0.5282157595941067","0.8748369398342047","0.8446629384098922"
"AVG_bs(128)_lr(0.0001)_hs(98)_e(50)","finished","","2025-06-04T10:48:25.000Z","128","50","98","0.0001","0.5158385397030242","0.37129923985686586","0.5439568714340737","1.1999372263576673","0.3534501898318477","0.6680059906748795","0.5856348477490423","0.5158385397030242","0.8905397402073453","0.8602061869437125"
"AVG_bs(512)_lr(0.0001)_hs(98)_e(80)","finished","","2025-06-04T16:30:59.000Z","512","80","98","0.0001","0.5109965631670217","0.3691514473424177","0.5434937658853418","1.1692560327464137","0.35201573514643947","0.6707195872375376","0.5872278857619981","0.5109965631670217","0.8908276493173057","0.8603932447148225"
"AVG_bs(32)_lr(0.001)_hs(98)_e(30)","finished","","2025-06-03T21:08:21.000Z","32","30","98","0.001","0.5179475828397365","0.4135841860048381","0.5418886281744019","1.2850500120028203","0.3900740262884575","0.6611182216000727","0.5702608085362106","0.5179475828397365","0.8870549946972675","0.8637566243916985"
"AVG_bs(256)_lr(0.001)_hs(25)_e(80)","finished","","2025-06-04T12:55:00.000Z","256","80","25","0.001","0.5073649168133985","0.3684160377012549","0.5399814756231585","1.2304816523502615","0.3564259120256418","0.6687644799624624","0.5821225448586492","0.5073649168133985","0.885485965533715","0.8543057231339022"
"AVG_bs(32)_lr(0.0001)_hs(98)_e(30)","finished","","2025-06-03T23:29:15.000Z","32","30","98","0.0001","0.5162465068361121","0.3785934261922126","0.5394211252732091","1.287971412455258","0.35395088366839483","0.6487630499599784","0.559737609978082","0.5162465068361121","0.8843180704723045","0.8569305745570064"
"AVG_bs(64)_lr(0.0001)_hs(98)_e(30)","finished","","2025-06-04T06:14:35.000Z","64","30","98","0.0001","0.5097181521315652","0.3675928694041679","0.5385194356839884","1.2608404502143031","0.3451894690654239","0.65217562101983","0.5649027383463298","0.5097181521315652","0.8839713978478547","0.8544742633195685"
"AVG_bs(32)_lr(0.001)_hs(98)_e(80)","finished","","2025-06-03T21:49:19.000Z","32","80","98","0.001","0.5104932830246202","0.40793993429381087","0.5381755216962093","1.275148979017268","0.3905531548369709","0.6693819586033477","0.5661173661482087","0.5104932830246202","0.888067810223036","0.8682373048059248"
"AVG_bs(256)_lr(0.0001)_hs(98)_e(50)","finished","","2025-06-04T14:00:51.000Z","256","50","98","0.0001","0.5066036272296033","0.35985479733944203","0.5372069280980094","1.1961621629780737","0.34502488769274714","0.6640225066271346","0.581588757403753","0.5066036272296033","0.8883029051264882","0.8563808161063428"
"AVG_bs(32)_lr(0.0001)_hs(25)_e(50)","finished","","2025-06-03T22:11:52.000Z","32","50","25","0.0001","0.5193613878530209","0.3709048102180385","0.5368304850284501","1.357957574919514","0.3475082060774922","0.6408895740495459","0.5454475052380217","0.5193613878530209","0.869636743051883","0.8394116408127215"
"AVG_bs(32)_lr(0.001)_hs(49)_e(50)","finished","","2025-06-03T20:32:58.000Z","32","50","49","0.001","0.5099226074347921","0.4031792945017004","0.5367332069279044","1.2701730306187402","0.37938454131594057","0.6565424512616724","0.5686812250692211","0.5099226074347921","0.8887934953322288","0.8630780817185533"
"AVG_bs(64)_lr(0.001)_hs(25)_e(80)","finished","","2025-06-04T04:18:26.000Z","64","80","25","0.001","0.5094472189550089","0.3790763028918293","0.5364877473566467","1.2920742205692377","0.3746061342813892","0.6670922768982865","0.5576338230151364","0.5094472189550089","0.8801371675178078","0.8531297865524768"
"AVG_bs(64)_lr(0.001)_hs(49)_e(80)","finished","","2025-06-04T04:45:44.000Z","64","80","49","0.001","0.49919108073579094","0.39555584109023545","0.5364352915805486","1.242590961559959","0.37857515723785096","0.6709260964937791","0.5800926722983194","0.49919108073579094","0.890134686409693","0.8659923969643459"
"AVG_bs(256)_lr(0.01)_hs(98)_e(50)","finished","","2025-06-04T12:33:23.000Z","256","50","98","0.01","0.5040065937688579","0.3799830176544397","0.5358444811221377","1.2515143653442118","0.37679372625708624","0.6690514087834454","0.5649341604274828","0.5040065937688579","0.8890796989307068","0.8634178520182869"
"AVG_bs(512)_lr(0.001)_hs(98)_e(30)","finished","","2025-06-04T15:47:30.000Z","512","30","98","0.001","0.4998574504241745","0.3900767940014445","0.5350194958277625","1.1818730300870437","0.37643290633298054","0.6746195743700397","0.579913645122353","0.4998574504241745","0.8924562639963367","0.8673569040091614"
"AVG_bs(256)_lr(0.0001)_hs(49)_e(80)","finished","","2025-06-04T13:53:34.000Z","256","80","49","0.0001","0.5077737034733509","0.35962261218831704","0.5345441618539732","1.2244648271593557","0.34373444614563536","0.6573980689884474","0.5699951929620812","0.5077737034733509","0.8823401500443993","0.8506382302345721"
"AVG_bs(512)_lr(0.001)_hs(49)_e(80)","finished","","2025-06-04T15:45:07.000Z","512","80","49","0.001","0.5016394792175017","0.39272557863123575","0.5297338597594485","1.1675717859432615","0.3854930169430762","0.6817472893780911","0.5925267358091251","0.5016394792175017","0.8945251230819735","0.869465251973279"
"AVG_bs(128)_lr(0.001)_hs(98)_e(30)","finished","","2025-06-04T09:43:56.000Z","128","30","98","0.001","0.49689315700617775","0.3804639609884751","0.5293827778690007","1.1901536169259443","0.3659701362982762","0.6729094672640374","0.5909890876844073","0.49689315700617775","0.8958154449248023","0.8696798754273214"
"AVG_bs(256)_lr(0.0001)_hs(49)_e(50)","finished","","2025-06-04T13:46:59.000Z","256","50","49","0.0001","0.5017613602518001","0.347610340331522","0.5289062445167321","1.263701400058023","0.33130681504764903","0.6459653906093348","0.553673884906753","0.5017613602518001","0.8756076898297497","0.8412376857153131"
"AVG_bs(64)_lr(0.0001)_hs(49)_e(30)","finished","","2025-06-04T05:46:49.000Z","64","30","49","0.0001","0.5059912473420876","0.352931070480588","0.5287379826867845","1.3120019125679263","0.33453357052019406","0.6441072092803714","0.549087340510873","0.5059912473420876","0.8753242710908576","0.8422559273663355"
"AVG_bs(128)_lr(0.0001)_hs(25)_e(80)","finished","","2025-06-04T10:18:19.000Z","128","80","25","0.0001","0.5034206968087291","0.344879728788395","0.5284770599900673","1.2965827903021938","0.32987263752162105","0.6447358685054598","0.5519258869408403","0.5034206968087291","0.8716295925974411","0.8358840983930298"
"AVG_bs(64)_lr(0.0001)_hs(25)_e(80)","finished","","2025-06-04T05:41:28.000Z","64","80","25","0.0001","0.5075557426263857","0.35394897703162453","0.5283504455053392","1.305652196381403","0.33614830177719435","0.6403568468899019","0.5488710937834443","0.5075557426263857","0.8748614759526238","0.8419355694119822"
"AVG_bs(32)_lr(0.0001)_hs(49)_e(30)","finished","","2025-06-03T22:42:30.000Z","32","30","49","0.0001","0.5072700727658458","0.36172964378762656","0.5282186583131013","1.3273701297459397","0.3409309535438187","0.6451865029116346","0.5526097754020968","0.5072700727658458","0.8769767369263709","0.8448504613514917"
"AVG_bs(512)_lr(0.0001)_hs(98)_e(50)","finished","","2025-06-04T16:25:20.000Z","512","50","98","0.0001","0.49598089595930706","0.35138563620502467","0.5273759940641549","1.2226242538156182","0.33559373082759086","0.6524135789058688","0.5609847522986094","0.49598089595930706","0.8817486815617924","0.8496035904999621"
"AVG_bs(128)_lr(0.001)_hs(49)_e(50)","finished","","2025-06-04T09:30:28.000Z","128","50","49","0.001","0.4962118896883541","0.3842960865044932","0.5271843674750716","1.275779074534126","0.3852382437849341","0.6730812355952251","0.5561507250315023","0.4962118896883541","0.8874645666507357","0.8639074257667814"
"AVG_bs(32)_lr(0.001)_hs(25)_e(80)","finished","","2025-06-03T20:07:14.000Z","32","80","25","0.001","0.506480920193623","0.3675982564076568","0.5267309885940958","1.354000151552584","0.3641017815792607","0.65101694055946","0.5436820200494249","0.506480920193623","0.8751922991006703","0.8474038523099388"
"AVG_bs(256)_lr(0.001)_hs(98)_e(50)","finished","","2025-06-04T13:17:28.000Z","256","50","98","0.001","0.49069093052003143","0.39118027587227727","0.5259422764939167","1.1959813732525395","0.392583788826271","0.6849859647573452","0.5870568283140253","0.49069093052003143","0.8969711063979103","0.8719353588104217"
"AVG_bs(64)_lr(0.001)_hs(25)_e(50)","finished","","2025-06-04T04:05:32.000Z","64","50","25","0.001","0.4996950055849923","0.3641517358942882","0.5256653863432172","1.2945762808685717","0.3535334368023034","0.6590400412962426","0.5612328692607631","0.4996950055849923","0.880785776444158","0.8504293755911754"
"AVG_bs(128)_lr(0.001)_hs(25)_e(80)","finished","","2025-06-04T09:20:30.000Z","128","80","25","0.001","0.4883230648898781","0.35223133889210156","0.5250856073019257","1.2315679013210794","0.34635916022759883","0.6651496262640325","0.572274568719237","0.4883230648898781","0.8864478304876015","0.8545279144037613"
"AVG_bs(128)_lr(0.0001)_hs(98)_e(30)","finished","","2025-06-04T10:42:01.000Z","128","30","98","0.0001","0.494076453346722","0.3528342026344993","0.5245871891490822","1.254571268195691","0.3390440518104979","0.6570666863040684","0.5632881177457613","0.494076453346722","0.8816722917783405","0.8498045284541931"
"AVG_bs(512)_lr(0.0001)_hs(49)_e(80)","finished","","2025-06-04T16:19:11.000Z","512","80","49","0.0001","0.496171435955363","0.3493789799352166","0.5239418959222212","1.238905889001386","0.3328274354492098","0.6463952289170931","0.5592527088876459","0.496171435955363","0.8774905397721418","0.8444281874755205"
"AVG_bs(32)_lr(0.001)_hs(49)_e(30)","finished","","2025-06-03T20:16:47.000Z","32","30","49","0.001","0.4938048162650369","0.3834319911902431","0.5233963656026279","1.3064761233005835","0.3619879147669364","0.6552492048936556","0.5625820332104048","0.4938048162650369","0.8824448856164022","0.8572907270028024"
"AVG_bs(128)_lr(0.001)_hs(25)_e(30)","finished","","2025-06-04T09:05:26.000Z","128","30","25","0.001","0.4864189191939111","0.3502772624675135","0.5214543367711576","1.293894005547399","0.345243146061572","0.658310254046152","0.5567018016088762","0.4864189191939111","0.8748741610551687","0.8433430182194808"
"AVG_bs(256)_lr(0.0001)_hs(98)_e(30)","finished","","2025-06-04T13:56:27.000Z","256","30","98","0.0001","0.49064920309799653","0.34259245800592997","0.5202204798285042","1.2603386975567916","0.32876732996853403","0.6456226205961806","0.5539143148545611","0.49064920309799653","0.8770745565459077","0.8434437088695151"
"AVG_bs(256)_lr(0.0001)_hs(25)_e(80)","finished","","2025-06-04T13:39:19.000Z","256","80","25","0.0001","0.4945119042289436","0.3387228271841559","0.5195362723276312","1.2881738300981194","0.3254699672997253","0.6410507748516725","0.545484082427621","0.4945119042289436","0.869289065024468","0.8332178773511035"
"AVG_bs(256)_lr(0.001)_hs(25)_e(50)","finished","","2025-06-04T12:48:10.000Z","256","50","25","0.001","0.4822020649857054","0.3625586001795608","0.5187845714812231","1.26160305985089","0.3537677209120487","0.6606685414938811","0.564278837216352","0.4822020649857054","0.8805438033404416","0.8474209573355008"
"AVG_bs(128)_lr(0.01)_hs(49)_e(30)","finished","","2025-06-04T08:25:44.000Z","128","30","49","0.01","0.49316375201228074","0.3661190657899296","0.5181933872075115","1.3298094037823054","0.36522547590992016","0.6484041427358755","0.5414714985739187","0.49316375201228074","0.8748434430375444","0.8490801390982499"
"AVG_bs(32)_lr(0.001)_hs(25)_e(30)","finished","","2025-06-03T19:28:28.000Z","32","30","25","0.001","0.4921463676830403","0.35833316772331775","0.5176477149194222","1.3719239224947015","0.34606015318802813","0.6405933484852432","0.5365604333353174","0.4921463676830403","0.8690130659184232","0.841919572330189"
"AVG_bs(256)_lr(0.01)_hs(98)_e(30)","finished","","2025-06-04T12:28:41.000Z","256","30","98","0.01","0.48782108341081526","0.36090657816628","0.5175554774364828","1.271518002296316","0.3616905784555546","0.6566816835438933","0.5590997096151173","0.48782108341081526","0.8815562576728443","0.8566206486611232"
"AVG_bs(32)_lr(0.01)_hs(25)_e(30)","finished","","2025-06-03T16:54:41.000Z","32","30","25","0.01","0.503080915975742","0.3534161709875327","0.5174627844639388","1.445971224968848","0.3338985657678458","0.6216347320198682","0.5237484618624673","0.503080915975742","0.8511075824335961","0.824341420327035"
"AVG_bs(128)_lr(0.0001)_hs(49)_e(50)","finished","","2025-06-04T10:28:08.000Z","128","50","49","0.0001","0.4874532804938917","0.3484204706380357","0.5155661521640659","1.2639266140046328","0.3333021200355829","0.645125993612081","0.5554444910778965","0.4874532804938917","0.8792372771169369","0.8456317912527872"
"AVG_bs(128)_lr(0.0001)_hs(49)_e(30)","finished","","2025-06-04T10:22:05.000Z","128","30","49","0.0001","0.4869907315766476","0.33855678549007906","0.5139239281972758","1.3014635955250782","0.3245444661621788","0.6385488630437113","0.5443364498988383","0.4869907315766476","0.8721369612275334","0.8372059340711788"
"AVG_bs(32)_lr(1e-05)_hs(98)_e(80)","finished","","2025-06-04T02:28:08.000Z","32","80","98","0.00001","0.49297516278615455","0.33970108849650416","0.5135256495715825","1.3868209827723712","0.322531865046484","0.6266836467423301","0.5309273958049788","0.49297516278615455","0.8632521630917829","0.829806343271645"
"AVG_bs(64)_lr(0.01)_hs(49)_e(50)","finished","","2025-06-04T03:08:24.000Z","64","50","49","0.01","0.5006311873815802","0.3531693561051753","0.5123956662634441","1.3701364896867585","0.3520113427853417","0.6373512132310439","0.5298122583196259","0.5006311873815802","0.8676084924532491","0.844725053395657"
"AVG_bs(512)_lr(0.001)_hs(49)_e(50)","finished","","2025-06-04T15:39:39.000Z","512","50","49","0.001","0.4847614085354371","0.369606479235114","0.5116821793242968","1.2242349665740442","0.3701206347655152","0.6766920160065518","0.5758731506494666","0.4847614085354371","0.8880604355049921","0.8605066287638478"
"AVG_bs(256)_lr(0.01)_hs(98)_e(80)","finished","","2025-06-04T12:40:43.000Z","256","80","98","0.01","0.47593313493260087","0.3668495274242128","0.510799560441243","1.3551278169812826","0.3584508409750094","0.6551691684913491","0.5547507175531798","0.47593313493260087","0.8821488643425184","0.8559830626588072"
"AVG_bs(512)_lr(0.001)_hs(25)_e(80)","finished","","2025-06-04T15:33:46.000Z","512","80","25","0.001","0.477006790048317","0.3450977514479546","0.5107076974843998","1.2809982949289782","0.3550460179706033","0.6563338253344652","0.5475048814225681","0.477006790048317","0.8742145806679924","0.844376279052377"
"AVG_bs(128)_lr(0.001)_hs(25)_e(50)","finished","","2025-06-04T09:11:32.000Z","128","50","25","0.001","0.4860810891308538","0.3619278505815834","0.5105627721723334","1.2795772716791736","0.35935896681096163","0.669312306920341","0.5612734735866054","0.4860810891308538","0.8808068768045579","0.851506210712509"
"AVG_bs(64)_lr(0.0001)_hs(25)_e(50)","finished","","2025-06-04T05:28:19.000Z","64","50","25","0.0001","0.4828144846470985","0.33660315235396737","0.5102206391495521","1.3400311444375823","0.32222242087724545","0.6332472627966395","0.5380893432189886","0.4828144846470985","0.8683611410433393","0.8337057871032971"
"AVG_bs(32)_lr(0.0001)_hs(25)_e(30)","finished","","2025-06-03T21:57:52.000Z","32","30","25","0.0001","0.4890440200623137","0.3343899140151968","0.5100770835232487","1.3976352391165237","0.31998831094238045","0.62397837409716","0.5279475611477424","0.4890440200623137","0.8593295906691955","0.8247186573217075"
"AVG_bs(64)_lr(0.01)_hs(25)_e(50)","finished","","2025-06-04T02:41:28.000Z","64","50","25","0.01","0.48754799412012606","0.3460527472476545","0.5097500862810501","1.3874257035618245","0.34512545771673964","0.6440262785528691","0.5301895788175883","0.48754799412012606","0.8585788833125745","0.8286236839293194"
"AVG_bs(128)_lr(0.0001)_hs(25)_e(50)","finished","","2025-06-04T10:09:24.000Z","128","50","25","0.0001","0.4862692528689916","0.33017548988457673","0.5093565622350803","1.323407986941545","0.3179040694097013","0.629960060866628","0.5370586121409495","0.4862692528689916","0.8663010994418989","0.8284638448818938"
"AVG_bs(512)_lr(0.01)_hs(49)_e(80)","finished","","2025-06-04T15:10:37.000Z","512","80","49","0.01","0.4808298107244432","0.36696539172448533","0.5042485099660381","1.235152844724984","0.36161502944612034","0.6472326507139536","0.5658832444027468","0.4808298107244432","0.8843444091983599","0.8540842902966002"
"AVG_bs(64)_lr(0.01)_hs(25)_e(30)","finished","","2025-06-04T02:33:14.000Z","64","30","25","0.01","0.4751988962101599","0.3303503914975791","0.5042317979181785","1.3979057373689567","0.3250723612998976","0.6297675257535111","0.5222110441388903","0.4751988962101599","0.8595277531169042","0.8264610012531831"
"AVG_bs(64)_lr(0.01)_hs(98)_e(50)","finished","","2025-06-04T03:36:54.000Z","64","50","98","0.01","0.4887596359154781","0.3476240804863832","0.50418031424721","1.3602873721330062","0.35379589718865184","0.6383079168226983","0.519535793822034","0.4887596359154781","0.8680966016223559","0.8443811423649772"
"AVG_bs(256)_lr(0.0001)_hs(49)_e(30)","finished","","2025-06-04T13:42:25.000Z","256","30","49","0.0001","0.4762863306618854","0.3218446209333957","0.5040208396654828","1.3250732623297594","0.3126136575254425","0.6295985797155456","0.5303899308078874","0.4762863306618854","0.8637748922528736","0.8264343975732918"
"AVG_bs(512)_lr(0.0001)_hs(98)_e(30)","finished","","2025-06-04T16:21:36.000Z","512","30","98","0.0001","0.46894190109513206","0.3272660062849529","0.5027227854471725","1.2904949882934833","0.31697954232553743","0.6365147169244976","0.5398831058812835","0.46894190109513206","0.8707030308927368","0.8361314977868537"
"AVG_bs(64)_lr(1e-05)_hs(98)_e(80)","finished","","2025-06-04T08:03:28.000Z","64","80","98","0.00001","0.4807476619435033","0.3270055437080466","0.5026896535239438","1.3794063774399137","0.3142748764206385","0.6234116495518376","0.5261733447573149","0.4807476619435033","0.8600001596267193","0.8236866879560362"
"AVG_bs(32)_lr(0.01)_hs(25)_e(80)","finished","","2025-06-03T17:33:00.000Z","32","80","25","0.01","0.5019105326406634","0.3394913540138063","0.5013488520314278","1.4587942729307255","0.33692070114472766","0.6155119212824298","0.5055804507137853","0.5019105326406634","0.8477950826236278","0.8227698495904404"
"AVG_bs(32)_lr(1e-05)_hs(98)_e(50)","finished","","2025-06-04T02:03:53.000Z","32","50","98","0.00001","0.4826789426734483","0.32679068135570033","0.5012275534039516","1.4281745706952136","0.31276059110244325","0.6150165561372984","0.5184530539711715","0.4826789426734483","0.8527660759286737","0.8203745113424834"
"AVG_bs(256)_lr(0.01)_hs(49)_e(80)","finished","","2025-06-04T12:25:34.000Z","256","80","49","0.01","0.4755933827738043","0.3617136592196266","0.5010183596429745","1.4733339883130172","0.3610353278044722","0.6351837121495031","0.524990165035106","0.4755933827738043","0.8650819744159423","0.8415703029438071"
"AVG_bs(512)_lr(0.01)_hs(98)_e(30)","finished","","2025-06-04T15:12:59.000Z","512","30","98","0.01","0.4497229481211746","0.35062821487665075","0.5001771828264605","1.2483004278150098","0.35872196229950815","0.6714775345592419","0.5514698583068655","0.4497229481211746","0.8837154152370618","0.8578938675642428"
"AVG_bs(512)_lr(0.0001)_hs(49)_e(50)","finished","","2025-06-04T16:13:47.000Z","512","50","49","0.0001","0.4680983665331128","0.3211954169257798","0.5000833970566647","1.294041472467883","0.3132743349763808","0.6318267751893518","0.5370429173387172","0.4680983665331128","0.8680630789401415","0.8316337161434166"
"AVG_bs(128)_lr(0.01)_hs(25)_e(30)","finished","","2025-06-04T08:07:12.000Z","128","30","25","0.01","0.4762318367502485","0.353869596824656","0.49997447953251106","1.373292455673218","0.3639364477832422","0.6573092590686096","0.5228715416971836","0.4762318367502485","0.8604511847125474","0.8322989332248362"
"AVG_bs(512)_lr(0.0001)_hs(25)_e(80)","finished","","2025-06-04T16:07:50.000Z","512","80","25","0.0001","0.4705739000488016","0.3197776777563094","0.49973091857201835","1.3142632135029495","0.31197284102464734","0.6288490781907667","0.5356393855624113","0.4705739000488016","0.861223931013744","0.8243698397814455"
"AVG_bs(32)_lr(1e-05)_hs(49)_e(80)","finished","","2025-06-04T01:39:15.000Z","32","80","49","0.00001","0.4806115131869827","0.3243813188994863","0.4996310834536226","1.4408763955209567","0.31202866991834627","0.6150921784529629","0.517847543316192","0.4806115131869827","0.8491112508713478","0.8175525361451598"
"AVG_bs(64)_lr(0.001)_hs(25)_e(30)","finished","","2025-06-04T03:57:21.000Z","64","30","25","0.001","0.4695952860000762","0.3486407344182564","0.4984748390721963","1.3142773535977237","0.33966123369130224","0.6493639637932879","0.5465124059157368","0.4695952860000762","0.8742214326441562","0.8416169896681686"
"AVG_bs(32)_lr(0.01)_hs(49)_e(50)","finished","","2025-06-03T17:58:25.000Z","32","50","49","0.01","0.47182671150693417","0.3392444981804387","0.49820334454915577","1.416498238625734","0.3382990091223533","0.6301188087104184","0.5153565382954669","0.47182671150693417","0.8579861983697924","0.8319047719983865"
"AVG_bs(256)_lr(0.001)_hs(25)_e(30)","finished","","2025-06-04T12:43:38.000Z","256","30","25","0.001","0.454740912964027","0.35164954042971985","0.49742851341577865","1.2749078754721015","0.34892453739018603","0.6567157395702117","0.5485718286234137","0.454740912964027","0.8742197998582656","0.8451033408794059"
"AVG_bs(32)_lr(0.01)_hs(98)_e(50)","finished","","2025-06-03T18:51:15.000Z","32","50","98","0.01","0.4641409055272369","0.34785106262498783","0.4959688452425439","1.4105367938072786","0.3481271678806956","0.6309616493526382","0.50820378962163","0.4641409055272369","0.8580839978691601","0.8340868093343431"
"AVG_bs(128)_lr(0.01)_hs(49)_e(80)","finished","","2025-06-04T08:41:22.000Z","128","80","49","0.01","0.4647524927121307","0.3580886147908354","0.4956166757141696","1.3233263240689817","0.3637570147192327","0.6634454900422415","0.5452333177239572","0.4647524927121307","0.8739460552461029","0.8508140880249314"
"AVG_bs(128)_lr(0.01)_hs(98)_e(50)","finished","","2025-06-04T08:51:55.000Z","128","50","98","0.01","0.47529344889093783","0.3629990313549063","0.4949562020386272","1.324098163480344","0.36665673825837986","0.6564836169702064","0.548469528522658","0.47529344889093783","0.8793396965395155","0.8549761838914627"
"AVG_bs(64)_lr(0.0001)_hs(25)_e(30)","finished","","2025-06-04T05:20:10.000Z","64","30","25","0.0001","0.4658269544050771","0.3201051076714682","0.4946108704505969","1.375098774484966","0.31215421687166967","0.6273794461336402","0.5269811674454234","0.4658269544050771","0.8596943707815266","0.8215912955177584"
"AVG_bs(32)_lr(0.01)_hs(25)_e(50)","finished","","2025-06-03T17:09:27.000Z","32","50","25","0.01","0.4746681397184157","0.3173872866653789","0.4936155150182234","1.4632870969565015","0.32317183347911044","0.6166195532976324","0.49770928580985546","0.4746681397184157","0.8502881969958438","0.8178057605481079"
"AVG_bs(64)_lr(0.01)_hs(98)_e(80)","finished","","2025-06-04T03:52:11.000Z","64","80","98","0.01","0.4838222103990004","0.35846457828364797","0.4933002687845457","1.3526285766259485","0.36152782751467233","0.6523501541182533","0.5377313561507664","0.4838222103990004","0.8738312208025801","0.8484206618578929"
"AVG_bs(256)_lr(0.0001)_hs(25)_e(50)","finished","","2025-06-04T13:32:24.000Z","256","50","25","0.0001","0.45991049397675504","0.31086587627760814","0.4919716851572694","1.3407492386883704","0.30451898173049613","0.6247831727504959","0.5256823663938934","0.45991049397675504","0.8577031579477215","0.8181106457387255"
"AVG_bs(256)_lr(0.001)_hs(49)_e(50)","finished","","2025-06-04T13:02:26.000Z","256","50","49","0.001","0.44690603264269857","0.35022535136178123","0.4908447024782003","1.2190422989171128","0.35769029080940395","0.6770325941933331","0.5720043765659275","0.44690603264269857","0.8916413641244514","0.8612454412195005"
"AVG_bs(128)_lr(0.0001)_hs(25)_e(30)","finished","","2025-06-04T10:03:40.000Z","128","30","25","0.0001","0.4609443483910449","0.31426034467740077","0.4906562413679293","1.3799097188659335","0.3066497429952157","0.6230350904282869","0.5199704090049007","0.4609443483910449","0.8542140238658682","0.8154508924381751"
"AVG_bs(128)_lr(1e-05)_hs(98)_e(80)","finished","","2025-06-04T11:56:03.000Z","128","80","98","0.00001","0.4655142253584181","0.3154764112118127","0.4906265179229088","1.380768621797147","0.3067567638285128","0.6149258716658575","0.5188755505839169","0.4655142253584181","0.8545696418758775","0.816939976292077"
"AVG_bs(64)_lr(1e-05)_hs(98)_e(50)","finished","","2025-06-04T07:47:15.000Z","64","50","98","0.00001","0.470737317960514","0.3140873978331191","0.4906052168074965","1.425043039192324","0.3050698021107432","0.6106495279544595","0.5132798926087773","0.470737317960514","0.8499225483910682","0.8134952571142691"
"AVG_bs(512)_lr(0.0001)_hs(25)_e(50)","finished","","2025-06-04T16:02:33.000Z","512","50","25","0.0001","0.4610938731949597","0.30866922619035864","0.48916361313337314","1.3835496865469834","0.3032417346966085","0.6141400200419291","0.513630720910704","0.4610938731949597","0.8478957581893181","0.8084650777901465"
"AVG_bs(256)_lr(0.001)_hs(49)_e(80)","finished","","2025-06-04T13:09:25.000Z","256","80","49","0.001","0.4471659651048051","0.3476179656224514","0.4888107026967341","1.2262427788356256","0.3540059234672689","0.6703278180439857","0.5716609495858822","0.4471659651048051","0.889238051944416","0.8630652232889104"
"AVG_bs(512)_lr(0.0001)_hs(49)_e(30)","finished","","2025-06-04T16:10:11.000Z","512","30","49","0.0001","0.4618282710129093","0.3073013643450507","0.4887866717651802","1.3696314815817208","0.3034336188475334","0.6171488784047032","0.5189263829631037","0.4618282710129093","0.8528370389543933","0.8138406795831337"
"AVG_bs(32)_lr(0.01)_hs(98)_e(30)","finished","","2025-06-03T18:33:54.000Z","32","30","98","0.01","0.4672007626224712","0.3384158925965044","0.4884517935704739","1.4576979176181817","0.34862019371733877","0.6182129149616992","0.4780744283813549","0.4672007626224712","0.8513938481902674","0.8277836067039864"
"AVG_bs(32)_lr(1e-05)_hs(49)_e(50)","finished","","2025-06-04T01:16:30.000Z","32","50","49","0.00001","0.4717843495528121","0.3136851320482621","0.4875504222966818","1.4916474091747531","0.3089666519524019","0.6046658324840039","0.49434873590621986","0.4717843495528121","0.8325645770647807","0.805820364063147"
"AVG_bs(128)_lr(0.01)_hs(25)_e(80)","finished","","2025-06-04T08:21:50.000Z","128","80","25","0.01","0.4561824662689773","0.337848417156488","0.48682672566821905","1.3859158554284468","0.3475801030259458","0.635561588486247","0.5220660282530928","0.4561824662689773","0.86586982188162","0.8360505829847762"
"AVG_bs(512)_lr(0.001)_hs(25)_e(50)","finished","","2025-06-04T15:28:38.000Z","512","50","25","0.001","0.4553963272616814","0.3300724590378439","0.48670870790211734","1.2876517402714698","0.3301647787307801","0.6437036355416514","0.5508454802002076","0.4553963272616814","0.8730398788591224","0.8402129132954789"
"AVG_bs(32)_lr(1e-05)_hs(98)_e(30)","finished","","2025-06-04T01:48:38.000Z","32","30","98","0.00001","0.4687785109326364","0.3097872973354073","0.4849574075102274","1.474458862983662","0.30470442194874436","0.6034865749723718","0.49884397915684103","0.4687785109326364","0.83970820973659","0.8106612183364554"
"AVG_bs(64)_lr(1e-05)_hs(49)_e(80)","finished","","2025-06-04T07:31:39.000Z","64","80","49","0.00001","0.46224980751293393","0.3067759045773635","0.48459629947115823","1.4401037587290224","0.3011540457763607","0.6066177299031276","0.5091481712715407","0.46224980751293393","0.8442192728077609","0.8073797678818927"
"AVG_bs(256)_lr(0.001)_hs(49)_e(30)","finished","","2025-06-04T12:57:54.000Z","256","30","49","0.001","0.45170881248522354","0.3400168295187577","0.4839386173981176","1.23549295499407","0.3433229342640992","0.6581936223964064","0.5698251724086649","0.45170881248522354","0.8874895621887763","0.8548868277462637"
"AVG_bs(32)_lr(1e-05)_hs(25)_e(80)","finished","","2025-06-04T00:53:06.000Z","32","80","25","0.00001","0.4660987764815399","0.30881840686081674","0.4837315510165559","1.5042702772306358","0.3058418577837855","0.6015999222715589","0.4945259079794308","0.4660987764815399","0.8267314687622795","0.7990149790538117"
"AVG_bs(64)_lr(0.01)_hs(98)_e(30)","finished","","2025-06-04T03:27:29.000Z","64","30","98","0.01","0.4664529295587986","0.33310135900496685","0.48319465645702353","1.45723008049571","0.3452446109321228","0.6314310303966334","0.5158471452946453","0.4664529295587986","0.8609040697306787","0.8389418974593232"
"AVG_bs(32)_lr(0.01)_hs(98)_e(80)","finished","","2025-06-03T19:19:18.000Z","32","80","98","0.01","0.48425757063378094","0.3217755639675868","0.4808984305788768","1.466647563336984","0.3478402191082502","0.6191940609607869","0.4786549694239948","0.48425757063378094","0.8527117810965162","0.8316118512159454"
"AVG_bs(64)_lr(0.01)_hs(25)_e(80)","finished","","2025-06-04T02:54:30.000Z","64","80","25","0.01","0.47016543065489264","0.32317998506502316","0.4781879936802461","1.434441566208135","0.33833390579083583","0.6274690003564614","0.5131835339332054","0.47016543065489264","0.8567684952452265","0.8312679188801958"
"AVG_bs(128)_lr(0.01)_hs(98)_e(80)","finished","","2025-06-04T09:01:46.000Z","128","80","98","0.01","0.45445600435699707","0.33813402304337836","0.4770693663569074","1.3270983506803928","0.33727425539426287","0.6253212364963818","0.5439070506772266","0.45445600435699707","0.8740129390536893","0.8480005915356423"
"AVG_bs(256)_lr(1e-05)_hs(98)_e(80)","finished","","2025-06-04T14:48:53.000Z","256","80","98","0.00001","0.4500904698460363","0.30012469649032186","0.47702972639219976","1.411012017726898","0.29857249885413994","0.6066682894794125","0.5051998931953665","0.4500904698460363","0.8469069744428704","0.8097862580177484"
"AVG_bs(128)_lr(1e-05)_hs(98)_e(50)","finished","","2025-06-04T11:46:24.000Z","128","50","98","0.00001","0.4533682877882358","0.2976737822841068","0.47578007466997896","1.4410589232652085","0.2996596071853233","0.605056221891058","0.5035468819252387","0.4533682877882358","0.8422800744411975","0.8051657112222598"
"AVG_bs(512)_lr(0.01)_hs(25)_e(50)","finished","","2025-06-04T14:54:28.000Z","512","50","25","0.01","0.43549794489301574","0.3379121398407198","0.4734565638659246","1.389491790738599","0.34961490656207495","0.6521122691692202","0.5267040125089981","0.43549794489301574","0.8673472190406372","0.846057610443262"
"AVG_bs(256)_lr(0.0001)_hs(25)_e(30)","finished","","2025-06-04T13:27:46.000Z","256","30","25","0.0001","0.4444051354180272","0.2936542077424473","0.47324338020601414","1.3956893491333928","0.2941070224484045","0.6114382607143446","0.5090087781106553","0.4444051354180272","0.8474099086626804","0.8055690662370848"
"AVG_bs(32)_lr(0.01)_hs(49)_e(80)","finished","","2025-06-03T18:23:28.000Z","32","80","49","0.01","0.4701235765114351","0.31711313446954587","0.4725042145436736","1.4464437401618646","0.32151315281596066","0.6076676194801629","0.4929466339962709","0.4701235765114351","0.8502930540767432","0.826390231204868"
"AVG_bs(64)_lr(1e-05)_hs(98)_e(30)","finished","","2025-06-04T07:37:32.000Z","64","30","98","0.00001","0.4515596391713862","0.29292738894699","0.4716658817956564","1.4826976424714795","0.2979655810171634","0.6015750876906537","0.4929629261361127","0.4515596391713862","0.8342827054681516","0.802802678856833"
"AVG_bs(64)_lr(1e-05)_hs(49)_e(50)","finished","","2025-06-04T07:17:43.000Z","64","50","49","0.00001","0.452117080234825","0.2903823350906728","0.4714986741874199","1.494451776276464","0.2938852959609667","0.5976525232839863","0.49460764321065326","0.452117080234825","0.8316947160212707","0.7976251395348839"
"AVG_bs(128)_lr(1e-05)_hs(49)_e(80)","finished","","2025-06-04T11:36:16.000Z","128","80","49","0.00001","0.44847227242774934","0.2912530365527162","0.47140486212300414","1.4538340271037558","0.2945021406827656","0.6046491943793578","0.5008893308159981","0.44847227242774934","0.8377611073353901","0.8009997342258892"
"AVG_bs(256)_lr(0.01)_hs(25)_e(80)","finished","","2025-06-04T12:10:41.000Z","256","80","25","0.01","0.4297969895059862","0.3311021231070216","0.4692723012608838","1.3158014352979328","0.35418168929582394","0.6648028414459202","0.5338778368672197","0.4297969895059862","0.8736425995142432","0.8499419300380442"
"AVG_bs(128)_lr(0.01)_hs(49)_e(50)","finished","","2025-06-04T08:31:48.000Z","128","50","49","0.01","0.4457799749813063","0.3428552548924405","0.46921441041122935","1.3132829999923703","0.35007326151227464","0.6629818437078729","0.5413448321323823","0.4457799749813063","0.874224061199053","0.8432919188649247"
"AVG_bs(256)_lr(0.01)_hs(49)_e(30)","finished","","2025-06-04T12:13:39.000Z","256","30","49","0.01","0.4350902136282694","0.3247928199132903","0.46862658086390113","1.3756837624928049","0.34525242003258105","0.637076066819539","0.5099984472099462","0.4350902136282694","0.8706788354848779","0.8455007261472833"
"AVG_bs(32)_lr(1e-05)_hs(25)_e(50)","finished","","2025-06-04T00:30:59.000Z","32","50","25","0.00001","0.45286526848847064","0.2863060650539911","0.4684259302111092","1.5598805844265482","0.28504163279102407","0.5822516956413871","0.4447463358274468","0.45286526848847064","0.811012519369599","0.7898943023376318"
"AVG_bs(32)_lr(0.01)_hs(49)_e(30)","finished","","2025-06-03T17:42:38.000Z","32","30","49","0.01","0.4416565560854217","0.2994129166934033","0.4683031304688889","1.5055742891003256","0.33191929396566705","0.624480579465064","0.4793445367351034","0.4416565560854217","0.8477035244367404","0.8206102451520622"
"AVG_bs(32)_lr(1e-05)_hs(49)_e(30)","finished","","2025-06-04T01:01:54.000Z","32","30","49","0.00001","0.4517092000492827","0.297762197370849","0.4676125383057227","1.5473218367410744","0.29858984151823637","0.5919917424355801","0.4819669486637339","0.4517092000492827","0.815375985836498","0.7932232889596208"
"AVG_bs(64)_lr(1e-05)_hs(25)_e(80)","finished","","2025-06-04T07:04:07.000Z","64","80","25","0.00001","0.44643253758446394","0.28898268388581927","0.46642858927770464","1.5271868564253268","0.28966407117522414","0.5920742183658005","0.4886731942696459","0.44643253758446394","0.8196574053536008","0.7911628777027927"
"AVG_bs(256)_lr(0.01)_hs(49)_e(50)","finished","","2025-06-04T12:18:19.000Z","256","50","49","0.01","0.4282892043707607","0.33427352229501983","0.4629098122127394","1.3647430095179327","0.338368754384586","0.6478714302279769","0.5533898695262532","0.4282892043707607","0.8740467121738762","0.8464370538435169"
"AVG_bs(256)_lr(0.01)_hs(25)_e(50)","finished","","2025-06-04T12:03:42.000Z","256","50","25","0.01","0.4376186926493066","0.3179267573369172","0.462624864595185","1.395240935786017","0.3402452459854097","0.6435402935696248","0.4996151307873231","0.4376186926493066","0.8586064081544743","0.8324878950766326"
"AVG_bs(512)_lr(0.001)_hs(25)_e(30)","finished","","2025-06-04T15:25:13.000Z","512","30","25","0.001","0.4183330592327379","0.3082102954800382","0.4619141320095363","1.3798964747067155","0.32155790654589456","0.6278145293236383","0.5215743173744778","0.4183330592327379","0.860671620407231","0.831481010715726"
"AVG_bs(512)_lr(0.01)_hs(98)_e(80)","finished","","2025-06-04T15:22:54.000Z","512","80","98","0.01","0.4113942260909974","0.3550973099739939","0.45901975228379266","1.3419019949847253","0.36883714542165646","0.6724593416931202","0.5570643982020795","0.4113942260909974","0.879646357410435","0.8557756306044462"
"AVG_bs(256)_lr(1e-05)_hs(98)_e(50)","finished","","2025-06-04T14:41:56.000Z","256","50","98","0.00001","0.4271588742549798","0.2761075857271121","0.4567874582378689","1.4868088331715814","0.287678143280395","0.5965300443485972","0.48358609555502496","0.4271588742549798","0.8318374419546387","0.7948859941742848"
"AVG_bs(128)_lr(0.01)_hs(25)_e(50)","finished","","2025-06-04T08:12:48.000Z","128","50","25","0.01","0.41116427758244384","0.3163496079445759","0.45358249806073536","1.3992744172137717","0.3287819862917417","0.6360877440021857","0.5293304680806716","0.41116427758244384","0.8657437491541113","0.8343954763640618"
"AVG_bs(128)_lr(1e-05)_hs(98)_e(30)","finished","","2025-06-04T11:40:08.000Z","128","30","98","0.00001","0.4200453477698325","0.27297797535597207","0.4511064039191731","1.516408634600432","0.284389085953827","0.593832635535662","0.4812651001539831","0.4200453477698325","0.8264868845373343","0.7935181787633578"
"AVG_bs(128)_lr(0.01)_hs(98)_e(30)","finished","","2025-06-04T08:45:21.000Z","128","30","98","0.01","0.40887946813261455","0.3214762689817531","0.4500540152481619","1.3445881709845169","0.32877288547737904","0.6345925714176186","0.5429699495235165","0.40887946813261455","0.8724471854306642","0.8396250523722546"
"AVG_bs(64)_lr(0.01)_hs(49)_e(30)","finished","","2025-06-04T02:59:54.000Z","64","30","49","0.01","0.41750208489114354","0.30521877164069866","0.4492358596367576","1.4495934630217762","0.3285864244503237","0.630429994162108","0.5019824211687005","0.41750208489114354","0.8562692989014572","0.8310908729657278"
"AVG_bs(64)_lr(0.01)_hs(49)_e(80)","finished","","2025-06-04T03:21:43.000Z","64","80","49","0.01","0.4211205642414715","0.31009663196678827","0.4490480078907607","1.4621473982023157","0.331844443560228","0.6269449604776846","0.4991977712297172","0.4211205642414715","0.8574123217487154","0.8311234447164544"
"AVG_bs(256)_lr(0.01)_hs(25)_e(30)","finished","","2025-06-04T11:58:57.000Z","256","30","25","0.01","0.4277450302077973","0.3305515349457882","0.4479443377189229","1.4939017090304143","0.3460271848063378","0.6244367387216235","0.5102534214808844","0.4277450302077973","0.8564254291537482","0.8302576427599899"
"AVG_bs(512)_lr(0.001)_hs(49)_e(30)","finished","","2025-06-04T15:36:04.000Z","512","30","49","0.001","0.4098313254616822","0.32471003280876176","0.4474871514706102","1.325090974774854","0.35575354349371435","0.6643896287844893","0.5283736658409183","0.4098313254616822","0.8745355244213728","0.8452903884176083"
"AVG_bs(512)_lr(1e-05)_hs(98)_e(80)","finished","","2025-06-04T17:05:16.000Z","512","80","98","0.00001","0.41203425252305126","0.268285622553181","0.44523484919260986","1.4752871143406836","0.28443258927012777","0.5940697689260157","0.47937828692063383","0.41203425252305126","0.832362756442557","0.7936713360523443"
"AVG_bs(512)_lr(0.01)_hs(49)_e(50)","finished","","2025-06-04T15:05:20.000Z","512","50","49","0.01","0.4042250615015138","0.3172921702919861","0.44471937211261336","1.5114258963486242","0.3418977236826557","0.6341134290193178","0.5000907915056919","0.4042250615015138","0.8627503237118113","0.8404895377098962"
"AVG_bs(128)_lr(1e-05)_hs(49)_e(50)","finished","","2025-06-04T11:27:16.000Z","128","50","49","0.00001","0.41343553801476185","0.267417785310173","0.44438581381188913","1.5349472139192666","0.28104165908996703","0.5881411547845222","0.47439616118890937","0.41343553801476185","0.8232606723993385","0.7877847378540195"
"AVG_bs(64)_lr(1e-05)_hs(49)_e(30)","finished","","2025-06-04T07:09:19.000Z","64","30","49","0.00001","0.41710764642614134","0.26777810669167673","0.4424734325932113","1.5767817141180451","0.2783317071795167","0.585620167537109","0.46998312581370216","0.41710764642614134","0.8113876154302544","0.7857206402769038"
"AVG_bs(256)_lr(1e-05)_hs(98)_e(30)","finished","","2025-06-04T14:37:27.000Z","256","30","98","0.00001","0.4077773164213574","0.2567721356619913","0.4421110694214554","1.58134449740936","0.27770968417262415","0.5869071911678941","0.45886254806661897","0.4077773164213574","0.8144239415584794","0.7829265621418927"
"AVG_bs(512)_lr(0.0001)_hs(25)_e(30)","finished","","2025-06-04T15:59:09.000Z","512","30","25","0.0001","0.4119393724015171","0.2654642127827184","0.4410666520151355","1.46565819033261","0.28244517677911857","0.5930240469847484","0.486144713853707","0.4119393724015171","0.8291616012795421","0.7893750353657316"
"AVG_bs(64)_lr(1e-05)_hs(25)_e(50)","finished","","2025-06-04T06:51:25.000Z","64","50","25","0.00001","0.41708015712716434","0.2619791400534172","0.43706296682402435","1.614652923397396","0.2796996357556407","0.5655924016722367","0.43262342302103096","0.41708015712716434","0.802744837816897","0.7776472054715502"
"AVG_bs(128)_lr(1e-05)_hs(25)_e(80)","finished","","2025-06-04T11:17:22.000Z","128","80","25","0.00001","0.412604964186861","0.2532818987272524","0.4363585430348699","1.5882233818717624","0.26719215062937407","0.5671194002912897","0.4562668091685259","0.412604964186861","0.8073826510078683","0.7785254642310954"
"AVG_bs(256)_lr(1e-05)_hs(49)_e(80)","finished","","2025-06-04T14:34:33.000Z","256","80","49","0.00001","0.398500962342833","0.2617138132286064","0.43548576929625904","1.5163448191922284","0.2769676692534738","0.5922705290088958","0.4747552148832389","0.398500962342833","0.8264783669221156","0.789320820691916"
"AVG_bs(32)_lr(1e-05)_hs(25)_e(30)","finished","","2025-06-04T00:16:55.000Z","32","30","25","0.00001","0.411598766491822","0.2593486003684613","0.43031103161580786","1.6366497754273208","0.2711521627049332","0.5699715437922308","0.40306197166765045","0.411598766491822","0.793261809834996","0.772813238295459"
"AVG_bs(128)_lr(1e-05)_hs(49)_e(30)","finished","","2025-06-04T11:21:17.000Z","128","30","49","0.00001","0.3926119310901854","0.24807211497149936","0.4257882296022243","1.6460474916126415","0.2697865496653886","0.5765948804108936","0.4499475400076074","0.3926119310901854","0.8039449227881523","0.7746830893039508"
"AVG_bs(512)_lr(1e-05)_hs(98)_e(50)","finished","","2025-06-04T16:59:29.000Z","512","50","98","0.00001","0.38711735032720024","0.2508825050671853","0.4241981265421037","1.567523168695384","0.27656861033853053","0.5896469949634253","0.4603295652109968","0.38711735032720024","0.8182687819322952","0.7839580163119259"
"AVG_bs(256)_lr(1e-05)_hs(49)_e(50)","finished","","2025-06-04T14:28:06.000Z","256","50","49","0.00001","0.3989906333444207","0.24300800841076745","0.4236415806148779","1.613055019132022","0.2684041394183977","0.576247964393712","0.4547195038135704","0.3989906333444207","0.8058087503574546","0.7739496390648346"
"AVG_bs(512)_lr(0.01)_hs(25)_e(80)","finished","","2025-06-04T14:59:30.000Z","512","80","25","0.01","0.394366985794991","0.2880505533015184","0.42285542426567","1.7188339599247635","0.3384333899233278","0.6325694244333009","0.4701366955991221","0.394366985794991","0.8449574454374666","0.8248344325266421"
"AVG_bs(512)_lr(0.01)_hs(49)_e(30)","finished","","2025-06-04T15:01:48.000Z","512","30","49","0.01","0.3776758097868897","0.29963661446991147","0.41848115715607487","1.5290307147749538","0.3340314973646424","0.6489395894473391","0.5039593501846891","0.3776758097868897","0.8636942633905965","0.8358653752562635"
"AVG_bs(512)_lr(1e-05)_hs(49)_e(80)","finished","","2025-06-04T16:53:19.000Z","512","80","49","0.00001","0.37865689166594824","0.24303518158388784","0.41723735421475006","1.5980265642034597","0.2660184184232647","0.5787594535878078","0.4503444398144607","0.37865689166594824","0.8119416233706648","0.778961769040489"
"AVG_bs(512)_lr(0.01)_hs(25)_e(30)","finished","","2025-06-04T14:51:05.000Z","512","30","25","0.01","0.3675850716984259","0.28996032179605313","0.4139794964772546","1.4728363649598484","0.31424892741034005","0.6040348110009575","0.4838540429948896","0.3675850716984259","0.848171723563141","0.8192194519168099"
"AVG_bs(256)_lr(1e-05)_hs(25)_e(80)","finished","","2025-06-04T14:21:05.000Z","256","80","25","0.00001","0.35384873772513403","0.2313746701842505","0.3909561129476925","1.653216323770326","0.25555138098645713","0.5651135340147502","0.4383495861887739","0.35384873772513403","0.7983337405193073","0.7651833154032396"
"AVG_bs(512)_lr(1e-05)_hs(98)_e(30)","finished","","2025-06-04T16:55:46.000Z","512","30","98","0.00001","0.3530324538188287","0.2211152235784744","0.3900211153914127","1.6604895197111982","0.251605968820939","0.5698165363758971","0.4322017411773409","0.3530324538188287","0.8022883975250311","0.7699051954498074"
"AVG_bs(256)_lr(1e-05)_hs(49)_e(30)","finished","","2025-06-04T14:23:51.000Z","256","30","49","0.00001","0.3380029471518019","0.2224822255245968","0.3795959922326789","1.7307309915279518","0.2530335619711308","0.5640343233387503","0.42414927310664385","0.3380029471518019","0.7864319718871648","0.7565248266907701"
"AVG_bs(128)_lr(1e-05)_hs(25)_e(50)","finished","","2025-06-04T11:08:25.000Z","128","50","25","0.00001","0.3602424402809109","0.23013135381151892","0.37713100646377146","1.6701705942983214","0.2565649668755598","0.5584305336517323","0.4431572248043597","0.3602424402809109","0.7946695009804965","0.7680142285060211"
"AVG_bs(64)_lr(1e-05)_hs(25)_e(30)","finished","","2025-06-04T06:43:22.000Z","64","30","25","0.00001","0.3543395991681155","0.23015165644194296","0.3758709802370586","1.7002818263095356","0.2707470767643913","0.567008214576742","0.4409851373009598","0.3543395991681155","0.7834283703238923","0.7648877010094067"
"AVG_bs(256)_lr(1e-05)_hs(25)_e(50)","finished","","2025-06-04T14:14:40.000Z","256","50","25","0.00001","0.3587038174412336","0.2149874880889834","0.3652490419266796","1.7824203043148437","0.2442086042752616","0.545765098694343","0.4068657274456374","0.3587038174412336","0.770718734518568","0.7475959705678882"
"AVG_bs(512)_lr(1e-05)_hs(49)_e(50)","finished","","2025-06-04T16:47:50.000Z","512","50","49","0.00001","0.3229058489428843","0.21355283305389836","0.35551203952511135","1.7004599554785365","0.24834391589187504","0.5568530968019285","0.42429835278806943","0.3229058489428843","0.7890808544599801","0.7592757249085732"
"AVG_bs(128)_lr(1e-05)_hs(25)_e(30)","finished","","2025-06-04T11:02:27.000Z","128","30","25","0.00001","0.34556460776112286","0.21130113637570677","0.3499901726319342","1.7896794880991398","0.2486180208863576","0.5481249785751102","0.39110014268889526","0.34556460776112286","0.7653929134872893","0.7464767002368067"
"AVG_bs(512)_lr(1e-05)_hs(25)_e(80)","finished","","2025-06-04T16:41:57.000Z","512","80","25","0.00001","0.30869149771401955","0.19423357849621464","0.34443228598038994","1.7721717291864856","0.23144310128376225","0.5427505003166874","0.4125711262430096","0.30869149771401955","0.7774691512490254","0.7505513147039331"
"AVG_bs(512)_lr(1e-05)_hs(49)_e(30)","finished","","2025-06-04T16:44:16.000Z","512","30","49","0.00001","0.2768651506467973","0.177135241504083","0.31122000976422454","1.828532764829438","0.2210102873493273","0.5275789941847051","0.3836577341773375","0.2768651506467973","0.7639919046351415","0.7437969802920911"
"AVG_bs(256)_lr(1e-05)_hs(25)_e(30)","finished","","2025-06-04T14:10:29.000Z","256","30","25","0.00001","0.2573077016285831","0.16507966861824389","0.2835125150378889","1.8860921633654624","0.23083416657512004","0.5040493634398646","0.35444643034429235","0.2573077016285831","0.7507077264025759","0.7305906253755337"
"AVG_bs(512)_lr(1e-05)_hs(25)_e(50)","finished","","2025-06-04T16:36:46.000Z","512","50","25","0.00001","0.2218203939352792","0.15646862127804556","0.2295445558544233","1.8993221291180316","0.22610635471916568","0.4947824500485219","0.3754677802208334","0.2218203939352792","0.7443849681196673","0.7255933518270059"
"AVG_bs(512)_lr(1e-05)_hs(25)_e(30)","finished","","2025-06-04T16:33:17.000Z","512","30","25","0.00001","0.17892367078477375","0.11387547021835336","0.18836341241321555","1.966160793140017","0.18673178167223295","0.4690368480645134","0.29151890821021864","0.17892367078477375","0.7095528504502104","0.6952510232616648"